time,0-1,1-2,2-3,3-4,4-19,0-5,5-6,6-7,7-4,7-8,8-9,9-19,0-10,10-11,11-12,12-7,11-14,14-15,15-16,16-19,10-17,17-18,18-15,6-13,13-14
0.01,,,,,,,,,,,,,,,,,,,,,,,,,
0.02,,,,,,,,,,,,,,,,,,,,,,,,,
0.03,,,,,,,,,,,,,0,,,,,,,,,,,,
0.04,,,,,,,,,,,,,0,,,,,,,,,,,,
0.05,,,,,,,,,,,,,0,,,,,,,,,,,,
0.06,,,,,,,,,,,,,0,,,,,,,,,,,,
0.07,,,,,,,,,,,,,0,,,,,,,,,,,,
0.08,,,,,,,,,,,,,0-1,,,,,,,,,,,,
0.09,,,,,,,,,,,,,0-1,,,,,,,,,,,,
0.1,,,,,,,,,,,,,0-1-2,,,,,,,,,,,,
0.11,,,,,,,,,,,,,0-1-2,,,,,,,,,,,,
0.12,,,,,,,,,,,,,0-1-2,,,,,,,,,,,,
0.13,,,,,,3,,,,,,,0-1-2,,,,,,,,,,,,
0.14,,,,,,3,,,,,,,0-1-2,,,,,,,,,,,,
0.15,,,,,,3-4,,,,,,,0-1-2,,,,,,,,,,,,
0.16,,,,,,3-4,,,,,,,0-1-2,,,,,,,,,,,,
0.17,,,,,,3-4,,,,,,,0-1-2,,,,,,,,,,,,
0.18,,,,,,3-4,,,,,,,0-1-2,,,,,,,,,,,,
0.19,,,,,,3-4,,,,,,,0-1-2,,,,,,,,,,,,
0.2,,,,,,3-4,,,,,,,0-1-2,,,,,,,,,,,,
0.21,,,,,,3-4,,,,,,,0-1-2,,,,,,,,,,,,
0.22,,,,,,3-4,,,,,,,0-1-2,,,,,,,,,,,,
0.23,,,,,,3-4,,,,,,,0-1-2,,,,,,,,,,,,
0.24,,,,,,3-4,,,,,,,0-1-2,,,,,,,,,,,,
0.25,,,,,,3-4,,,,,,,0-1-2,,,,,,,,,,,,
0.26,,,,,,3-4,,,,,,,0-1-2,,,,,,,,,,,,
0.27,,,,,,3-4,,,,,,,0-1-2,,,,,,,,,,,,
0.28,,,,,,3-4,,,,,,,0-1-2,,,,,,,,,,,,
0.29,,,,,,3-4,,,,,,,0-1-2,,,,,,,,,,,,
0.3,,,,,,3-4,,,,,,,0-1-2,,,,,,,,,,,,
0.31,,,,,,3-4,,,,,,,0-1-2,,,,,,,,,,,,
0.32,,,,,,3-4,,,,,,,0-1-2,,,,,,,,,,,,
0.33,,,,,,3-4,,,,,,,0-1-2,,,,,,,,,,,,
0.34,,,,,,3-4,,,,,,,0-1-2,,,,,,,,,,,,
0.35,,,,,,3-4,,,,,,,0-1-2,,,,,,,,,,,,
0.36,,,,,,3-4,,,,,,,0-1-2,,,,,,,,,,,,
0.37,,,,,,3-4,,,,,,,0-1-2,,,,,,,,,,,,
0.38,,,,,,3-4,,,,,,,0-1-2,,,,,,,,,,,,
0.39,,,,,,3-4,,,,,,,0-1-2-5,,,,,,,,,,,,
0.4,,,,,,3-4,,,,,,,0-1-2-5,,,,,,,,,,,,
0.41,,,,,,3-4,,,,,,,0-1-2-5,,,,,,,,,,,,
0.42,,,,,,3-4,,,,,,,0-1-2-5-6,,,,,,,,,,,,
0.43,,,,,,3-4,,,,,,,0-1-2-5-6-7,,,,,,,,,,,,
0.44,,,,,,3-4,,,,,,,0-1-2-5-6-7,,,,,,,,,,,,
0.45,,,,,,3-4-8,,,,,,,0-1-2-5-6-7,,,,,,,,,,,,
0.46,,,,,,3-4-8,,,,,,,0-1-2-5-6-7,,,,,,,,,,,,
0.47,9,,,,,3-4-8,,,,,,,0-1-2-5-6-7,,,,,,,,,,,,
0.48,9,,,,,3-4-8,,,,,,,0-1-2-5-6-7,,,,,,,,,,,,
0.49,9,,,,,3-4-8,,,,,,,0-1-2-5-6-7,,,,,,,,,,,,
0.5,9,,,,,3-4-8,,,,,,,0-1-2-5-6-7,,,,,,,,,,,,
0.51,9,,,,,3-4-8,,,,,,,0-1-2-5-6-7,,,,,,,,,,,,
0.52,9,,,,,3-4-8,,,,,,,0-1-2-5-6-7,,,,,,,,,,,,
0.53,9,,,,,3-4-8,,,,,,,0-1-2-5-6-7-10,,,,,,,,,,,,
0.54,9,,,,,3-4-8,,,,,,,0-1-2-5-6-7-10-11,,,,,,,,,,,,
0.55,9,,,,,3-4-8,,,,,,,0-1-2-5-6-7-10-11-12,,,,,,,,,,,,
0.56,9,,,,,3-4-8,,,,,,,0-1-2-5-6-7-10-11-12-13,,,,,,,,,,,,
0.57,9,,,,,3-4-8,,,,,,,0-1-2-5-6-7-10-11-12-13,,,,,,,,,,,,
0.58,9,,,,,3-4-8,,,,,,,0-1-2-5-6-7-10-11-12-13-14,,,,,,,,,,,,
0.59,9,,,,,3-4-8,,,,,,,0-1-2-5-6-7-10-11-12-13-14,,,,,,,,,,,,
0.6,9,,,,,3-4-8,,,,,,,0-1-2-5-6-7-10-11-12-13-14,,,,,,,,,,,,
0.61,9,,,,,3-4-8,,,,,,,0-1-2-5-6-7-10-11-12-13-14-15,,,,,,,,,,,,
0.62,9,,,,,3-4-8,,,,,,,0-1-2-5-6-7-10-11-12-13-14-15,,,,,,,,,,,,
0.63,9,,,,,3-4-8,,,,,,,0-1-2-5-6-7-10-11-12-13-14-15,,,,,,,,,,,,
0.64,9,,,,,3-4-8,,,,,,,0-1-2-5-6-7-10-11-12-13-14-15,,,,,,,,,,,,
0.65,9-16,,,,,3-4-8,,,,,,,0-1-2-5-6-7-10-11-12-13-14-15,,,,,,,,,,,,
0.66,9-16,,,,,3-4-8,,,,,,,0-1-2-5-6-7-10-11-12-13-14-15-17,,,,,,,,,,,,
0.67,9-16,,,,,3-4-8,,,,,,,0-1-2-5-6-7-10-11-12-13-14-15-17,,,,,,,,,,,,
0.68,9-16,,,,,3-4-8,,,,,,,0-1-2-5-6-7-10-11-12-13-14-15-17,,,,,,,,,,,,
0.69,9-16,,,,,3-4-8,,,,,,,0-1-2-5-6-7-10-11-12-13-14-15-17,,,,,,,,,,,,
0.7,9-16,,,,,3-4-8,,,,,,,0-1-2-5-6-7-10-11-12-13-14-15-17,,,,,,,,,,,,
0.71,9-16,,,,,3-4-8,,,,,,,1-2-5-6-7-10-11-12-13-14-15-17,,,,,,,,0,,,,
0.72,9-16,,,,,3-4-8,,,,,,,1-2-5-6-7-10-11-12-13-14-15-17,,,,,,,,0,,,,
0.73,9-16,,,,,3-4-8-18,,,,,,,1-2-5-6-7-10-11-12-13-14-15-17,,,,,,,,0,,,,
0.74,9-16,,,,,3-4-8-18,,,,,,,1-2-5-6-7-10-11-12-13-14-15-17,,,,,,,,0,,,,
0.75,9-16,,,,,3-4-8-18,,,,,,,1-2-5-6-7-10-11-12-13-14-15-17,,,,,,,,0,,,,
0.76,9-16,,,,,3-4-8-18,,,,,,,2-5-6-7-10-11-12-13-14-15-17,,,,,,,,0-1,,,,
0.77,9-16,,,,,3-4-8-18,,,,,,,2-5-6-7-10-11-12-13-14-15-17,,,,,,,,0-1,,,,
0.78,9-16,,,,,3-4-8-18,,,,,,,5-6-7-10-11-12-13-14-15-17,,,,,,,,0-1,,,,
0.79,9-16,,,,,3-4-8-18-19-20,,,,,,,5-6-7-10-11-12-13-14-15-17,,,,,,,,0-1,,,,
0.8,9-16,,,,,3-4-8-18-19-20-21,,,,,,,5-6-7-10-11-12-13-14-15-17,,,,,,,,0-1,,,,
0.81,9-16-22,,,,,3-4-8-18-19-20-21,,,,,,,5-6-7-10-11-12-13-14-15-17,,,,,,,,0-1,,,,
0.82,9-16-22,,,,,3-4-8-18-19-20-21,,,,,,,5-6-7-10-11-12-13-14-15-17,,,,,,,,0-1,,,,
0.83,9-16-22,,,,,3-4-8-18-19-20-21,,,,,,,5-6-7-10-11-12-13-14-15-17,,,,,,,,0-1,,,,
0.84,9-16-22,,,,,3-4-8-18-19-20-21,,,,,,,5-6-7-10-11-12-13-14-15-17-23,,,,,,,,0-1,,,,
0.85,9-16-22,,,,,3-4-8-18-19-20-21,,,,,,,5-6-7-10-11-12-13-14-15-17-23,,,,,,,,0-1,,,,
0.86,9-16-22,,,,,3-4-8-18-19-20-21,,,,,,,5-6-7-10-11-12-13-14-15-17-23,,,,,,,,0-1,,,,
0.87,9-16-22,,,,,3-4-8-18-19-20-21,,,,,,,5-6-7-10-11-12-13-14-15-17-23,,,,,,,,0-1,,,,
0.88,9-16-22,,,,,3-4-8-18-19-20-21-24,,,,,,,5-6-7-10-11-12-13-14-15-17-23,,,,,,,,0-1,,,,
0.89,9-16-22,,,,,4-8-18-19-20-21-24,3,,,,,,5-6-7-10-11-12-13-14-15-17-23,,,,,,,,0-1,,,,
0.9,9-16-22-25,,,,,4-8-18-19-20-21-24,3,,,,,,5-6-7-10-11-12-13-14-15-17-23,,,,,,,,0-1,,,,
0.91,9-16-22-25,,,,,8-18-19-20-21-24,3,,,,,,5-6-7-10-11-12-13-14-15-17-23,,,,,,,,0-1,,,,
0.92,9-16-22-25,,,,,8-18-19-20-21-24,3,,,,,,5-6-7-10-11-12-13-14-15-17-23,,,,,,,,0-1,,,,
0.93,9-16-22-25,,,,,8-18-19-20-21-24,3,,,,,,5-6-7-10-11-12-13-14-15-17-23,,,,,,,,0-1,,,,
0.94,9-16-22-25,,,,,8-18-19-20-21-24,3,,,,,,5-6-7-10-11-12-13-14-15-17-23-26,,,,,,,,0-1,,,,
0.95,9-16-22-25,,,,,8-18-19-20-21-24-27,3,,,,,,5-6-7-10-11-12-13-14-15-17-23-26,,,,,,,,0-1,,,,
0.96,9-16-22-25,,,,,8-18-19-20-21-24-27,3,,,,,,5-6-7-10-11-12-13-14-15-17-23-26,,,,,,,,0-1,,,,
0.97,9-16-22-25,,,,,8-18-19-20-21-24-27,3,,,,,,5-6-7-10-11-12-13-14-15-17-23-26-28,,,,,,,,0-1,,,,
0.98,9-16-22-25,,,,,8-18-19-20-21-24-27,3,,,,,,5-6-7-10-11-12-13-14-15-17-23-26-28,,,,,,,,0-1,,,,
0.99,9-16-22-25-29,,,,,8-18-19-20-21-24-27,3,,,,,,5-6-7-10-11-12-13-14-15-17-23-26-28,,,,,,,,0-1,,,,
1.0,9-16-22-25-29,,,,,8-18-19-20-21-24-27,3,,,,,,5-6-7-10-11-12-13-14-15-17-23-26-28,,,,,,,,0-1,,,,
1.01,9-16-22-25-29,,,,,8-18-19-20-21-24-27,3,,,,,,5-6-7-10-11-12-13-14-15-17-23-26-28,,,,,,,,0-1,,,,
1.02,9-16-22-25-29,,,,,8-18-19-20-21-24-27,3,,,,,,5-6-7-10-11-12-13-14-15-17-23-26-28,,,,,,,,0-1,,,,
1.03,9-16-22-25-29,,,,,8-18-19-20-21-24-27,3,,,,,,5-6-7-10-11-12-13-14-15-17-23-26-28,,,,,,,,0-1,,,,
1.04,9-16-22-25-29,,,,,8-18-19-20-21-24-27,3,,,,,,5-6-7-10-11-12-13-14-15-17-23-26-28,,,,,,,,0-1,,,,
1.05,9-16-22-25-29,,,,,8-18-19-20-21-24-27,3,,,,,,5-6-7-10-11-12-13-14-15-17-23-26-28,,,,,,,,0-1,,,,
1.06,9-16-22-25-29,,,,,8-18-19-20-21-24-27,3,,,,,,5-6-7-10-11-12-13-14-15-17-23-26-28,,,,,,,,0-1,,,,
1.07,9-16-22-25-29,,,,,8-18-19-20-21-24-27,3,,,,,,6-7-10-11-12-13-14-15-17-23-26-28,,,,,,,,0-1-5,,,,
1.08,9-16-22-25-29,,,,,8-18-19-20-21-24-27,3,,,,,,6-7-10-11-12-13-14-15-17-23-26-28,,,,,,,,1-5,0,,,
1.09,9-16-22-25-29,,,,,8-18-19-20-21-24-27,3,,,,,,6-7-10-11-12-13-14-15-17-23-26-28,,,,,,,,1-5,0,,,
1.1,9-16-22-25-29,,,,,8-18-19-20-21-24-27,3,,,,,,7-10-11-12-13-14-15-17-23-26-28,,,,,,,,1-5,0,,,
1.11,9-16-22-25-29,,,,,8-18-19-20-21-24-27,3,,,,,,10-11-12-13-14-15-17-23-26-28,7,,,,,,,1-5,0,,,
1.12,9-16-22-25-29,,,,,8-18-19-20-21-24-27,3,,,,,,10-11-12-13-14-15-17-23-26-28,7,,,,,,,1-5,0,,,
1.13,9-16-22-25-29,,,,,8-18-19-20-21-24-27,3,,,,,,10-11-12-13-14-15-17-23-26-28,7,,,,,,,5,0,,,
1.14,9-16-22-25-29,,,,,8-18-19-20-21-24-27,3,,,,,,10-11-12-13-14-15-17-23-26-28,7,,,,,,,5,0,,,
1.15,9-16-22-25-29,,,,,8-18-19-20-21-24-27,3,,,,,,10-11-12-13-14-15-17-23-26-28,7,,,,,,,5,0,,,
1.16,9-16-22-25-29,,,,,8-18-19-20-21-24-27,3,,,,,,10-11-12-13-14-15-17-23-26-28,7,,,,,,,5,0,,,
1.17,9-16-22-25-29,,,,,8-18-19-20-21-24-27,3,,,,,,10-11-12-13-14-15-17-23-26-28,7,,,,,,,5,0,,,
1.18,9-16-22-25-29,,,,,8-18-19-20-21-24-27,3,,,,,,10-11-12-13-14-15-17-23-26-28,7,,,,,,,5,0,,,
1.19,9-16-22-25-29,,,,,8-18-19-20-21-24-27,3,,,,,,10-11-12-13-14-15-17-23-26-28,7,,,,,,,5,0,,,
1.2,9-16-22-25-29,,,,,8-18-19-20-21-24-27,3,,,,,,10-11-12-13-14-15-17-23-26-28,7,,,,,,,5,0,,,
1.21,9-16-22-25-29,,,,,18-19-20-21-24-27,3-8,,,,,,11-12-13-14-15-17-23-26-28,7-10,,,,,,,5,0,,,
1.22,9-16-22-25-29,,,,,18-19-20-21-24-27,3-8,,,,,,12-13-14-15-17-23-26-28,7-10-11,,,,,,,5,0,,,
1.23,9-16-22-25-29,,,,,18-19-20-21-24-27,3-8,,,,,,13-14-15-17-23-26-28,7-10-11,,,,,,,5,,,,
1.24,9-16-22-25-29,,,,,18-19-20-21-24-27,3-8,,,,,,14-15-17-23-26-28,7-10-11,,,,,,,5,,,,
1.25,9-16-22-25-29,,,,,18-19-20-21-24-27,3-8,,,,,,14-15-17-23-26-28,7-10-11,,,,,,,5,,,,
1.26,9-16-22-25-29,,,,,18-19-20-21-24-27,3-8,,,,,,15-17-23-26-28,7-10-11,,,,,,,5,,,,
1.27,9-16-22-25-29,,,,,18-19-20-21-24-27,3-8,,,,,,15-17-23-26-28,7-10-11,,,,,,,5,,,,
1.28,9-16-22-25-29,,,,,18-19-20-21-24-27,3-8,,,,,,15-17-23-26-28,7-10-11,,,,,,,5,,,,
1.29,9-16-22-25-29,,,,,18-19-20-21-24-27,3-8,,,,,,17-23-26-28,7-10-11,,,,,,,5,,,,
1.3,9-16-22-25-29,,,,,18-19-20-21-24-27,3-8,,,,,,17-23-26-28,7-10-11,,,,,,,5,,,,
1.31,9-16-22-25-29,,,,,18-19-20-21-24-27,8,3,,,,,17-23-26-28,7-10-11,,,,,,,5,,,,
1.32,9-16-22-25-29,,,,,18-19-20-21-24-27,8,3,,,,,17-23-26-28,7-10-11,,,,,,,5,,,,
1.33,9-16-22-25-29,,,,,18-19-20-21-24-27,8,3,,,,,17-23-26-28,7-10-11,,,,,,,5,,,,
1.34,9-16-22-25-29,,,,,18-19-20-21-24-27,8,3,,,,,23-26-28,7-10-11-17,,,,,,,5,,,,
1.35,9-16-22-25-29,,,,,18-19-20-21-24-27,8,3,,,,,23-26-28,7-10-11-17,,,,,,,5,,,,
1.36,9-16-22-25-29,,,,,18-19-20-21-24-27,8,3,,,,,23-26-28,7-10-11-17,,,,,,,5,,,,
1.37,9-16-22-25-29,,,,,18-19-20-21-24-27,8,3,,,,,23-26-28,7-10-11-17,,,,,,,5,,,,
1.38,9-16-22-25-29,,,,,18-19-20-21-24-27,8,3,,,,,23-26-28,7-10-11-17,,,,,,,5,,,,
1.39,9-16-22-25-29,,,,,18-19-20-21-24-27,8,3,,,,,23-26-28,7-10-11-17,,,,,,,5,,,,
1.4,9-16-22-25-29,,,,,18-19-20-21-24-27,8,3,,,,,23-26-28,7-10-11-17,,,,,,,5,,,,
1.41,9-16-22-25-29,,,,,18-19-20-21-24-27,8,3,,,,,23-26-28,7-10-11-17,,,,,,,5,,,,
1.42,9-16-22-25-29,,,,,18-19-20-21-24-27,8,3,,,,,23-26-28,7-10-11-17,,,,,,,5,,,,
1.43,9-16-22-25-29,,,,,18-19-20-21-24-27,8,3,,,,,23-26-28,7-10-11-12-17,,,,,,,5,,,,
1.44,9-16-22-25-29,,,,,18-19-20-21-24-27,8,3,,,,,23-26-28,7-10-11-12-17,,,,,,,,5,,,
1.45,9-16-22-25-29,,,,,18-19-20-21-24-27,8,3,,,,,23-26-28,7-10-11-12-17,,,,,,,,5,,,
1.46,9-16-22-25-29,,,,,18-19-20-21-24-27,8,3,,,,,23-26-28,7-10-11-12-17,,,,,,,,5,,,
1.47,9-16-22-25-29,,,,,18-19-20-21-24-27,8,3,,,,,23-26-28,7-10-11-12-17,,,,,,,,5,,,
1.48,9-16-22-25-29,,,,,18-19-20-21-24-27,8,3,,,,,23-26-28,7-10-11-12-17,,,,,,,,5,,,
1.49,9-16-22-25-29,,,,,19-20-21-24-27,8-18,3,,,,,23-26-28,7-10-11-12-17,,,,,,,,5,,,
1.5,9-16-22-25-29,,,,,19-20-21-24-27,8-18,3,,,,,23-26-28,7-10-11-12-17,,,,,,,,5,,,
1.51,9-16-22-25-29,,,,,19-20-21-24-27,8-18,3,,,,,23-26-28,7-10-11-12-17,,,,,,,,5,,,
1.52,16-22-25-29,9,,,,19-20-21-24-27,8-18,3,,,,,26-28,7-10-11-12-17,,,,,,,,5,,,
1.53,16-22-25-29,9,,,,19-20-21-24-27,8-18,3,,,,,26-28,7-10-11-12-17,,,,,,,,5,,,
1.54,16-22-25-29,9,,,,19-20-21-24-27,8-18,3,,,,,26-28,7-10-11-12-17,,,,,,,,5,,,
1.55,16-22-25-29,9,,,,21-24-27,8-18-20,3,,,,,26-28,7-10-11-12-17,,,,,,,6,5,,,
1.56,16-22-25-29,9,,,,24-27,8-18-20,3,,,,,26-28,7-10-11-12-17,,,,,,,6,5,,,
1.57,16-22-25-29,9,,,,24-27,8-18-20,3,,,,,26-28,7-10-11-12-17,,,,,,,6,5,,,
1.58,16-22-25-29,9,,,,24-27,8-18-20,3,,,,,26-28,7-10-11-12-17,,,,,,,6,5,,,
1.59,16-22-25-29,9,,,,24-27,8-18-20,3,,,,,26-28,7-10-11-12-17,,,,,,,6,,5,,
1.6,16-22-25-29,9,,,,24-27,8-18-20,3,,,,,26-28,7-10-11-12-17,,,,,,,6,,5,,
1.61,16-22-25-29,9,,,,24-27,8-18-20,3,,,,,26-28,7-10-11-12-17,,,,,,,6,,5,,
1.62,16-22-25-29,9,,,,24-27,8-18-20,3,,,,,28,7-10-11-12-17-26,,,,,,,6,,5,,
1.63,16-22-25-29,9,,,,24-27,18-20,3,,,,,28,7-10-11-12-17-26,,,,,,,6,,5,,
1.64,16-22-25-29,9,,,,27,18-20-24,3,,,,,28,7-10-11-12-17-26,,,,,,,6,,5,,
1.65,16-22-25-29,9,,,,27,18-20-24,3,,,,,,7-10-11-12-17-26-28,,,,,,,6,,5,,
1.66,16-22-25-29,9,,,,27,18-20-24,3,,,,,,7-10-11-12-17-26-28,,,,,,,6,,5,,
1.67,16-22-25-29,9,,,,27,18-20-24,3,,,,,,7-10-11-12-17-26-28,,,,,,,6,,5,,
1.68,16-22-25-29,9,,,,27,18-20-24,3,,,,,,7-10-11-12-17-26-28,,,,,,,6,,5,,
1.69,16-22-25-29,9,,,,27,18-20-24,3,,,,,,10-11-12-17-26-28,7,,,,,,6,,5,,
1.7,22-25-29,9-16,,,,27,18-20-24,3,,,,,,10-11-12-17-26-28,7,,,,,,6,,5,,
1.71,22-25-29,9-16,,,,,18-20-24,3,,,,,,10-11-12-17-26-28,7,,,,,,6,,5,,
1.72,22-25-29,9-16,,,,,18-20-24,3,,,,,,10-11-12-17-26-28,7,,,,,,6,,5,,
1.73,22-25-29,9-16,,,,,18-20-24,3,,,,,,10-11-12-17-26-28,7,,,,,,6,,5,,
1.74,22-25-29,9-16,,,,,18-20-24,3,,,,,,10-11-12-17-26-28,7,,,,,,6,,5,,
1.75,22-25-29,9-16,,,,,18-20-24,3,,,,,,10-11-12-17-26-28,7,,,,,,6,,5,,
1.76,22-25-29,9-16,,,,,18-20-24,3,,,,,,10-11-12-17-26-28,7,,,,,,6,,5,,
1.77,22-25-29,9-16,,,,,18-20-24,,,,,,,10-11-12-17-26-28,7,,,,,,6,,5,,
1.78,22-25-29,9-16,,,,,18-20-24,,,,,,,10-11-12-17-26-28,7,,,,,,6,,5,,
1.79,22-25-29,9-16,,,,,18-20-24,,,,,,,11-12-17-26-28,7,,10,,,,6,,5,,
1.8,22-25-29,9-16,,,,,18-20-24,,,,,,,12-17-26-28,7,,10-11,,,,6,,5,,
1.81,22-25-29,9-16,,,,,18-20-24,,,,,,,12-17-26-28,7,,10-11,,,,6,,5,,
1.82,22-25-29,9-16,,,,,18-20-24,,,,,,,12-17-26-28,7,,10-11,,,,6,,5,,
1.83,22-25-29,9-16,,,,,18-20-24,,,,,,,12-13-17-26-28,7,,10-11,,,,6,,5,,
1.84,22-25-29,9-16,,,,,18-20-24,,,,,,,12-13-17-26-28,7,,10-11,,,,6,,5,,
1.85,22-25-29,9-16,,,,,18-20-24,,,,,,,12-13-17-26-28,7,,10-11,,,,6,,5,,
1.86,25-29,9-16-22,,,,,18-20-24,,,,,,,12-13-17-26-28,7,,10-11,,,,6,,5,,
1.87,25-29,9-16-22,,,,,18-20-24,,,,,,,12-13-17-26-28,7,,10-11,,,,6,,5,,
1.88,25-29,9-16-22,,,,,18-20-24,,,,,,,12-13-17-26-28,7,,10-11,,,,6,,5,,
1.89,25-29,9-16-22,,,,,18-20-24,,,,,,,12-13-17-26-28,7,,10-11,,,,6,,5,,
1.9,25-29,9-16-22,,,,,18-20-24,,,,,,,12-13-17-26-28,7,,10-11,,,,6,,5,,
1.91,25-29,9-16-22,,,,,20-24,,,,,,,12-13-17-26-28,7,,10-11,,,,6,,5,,
1.92,25-29,9-16-22,,,,,20-24,,,,,,,12-13-26-28,7,,10-11,,,,,6,5,,
1.93,25-29,9-16-22,,,,,20-24,,,,,,,12-13-26-28,7,,10-11,,,,,6,5,,
1.94,25-29,9-16-22,,,,,20-24,,,,,,,12-13-26-28,7,,10-11,,,,,6,5,,
1.95,29,9-16-22-25,,,,,20-24,,,,,,,12-13-26-28,7,,10-11,,,,,6,5,,
1.96,29,9-16-22-25,,,,,20-24,,,,,,,12-13-26-28,7,,10-11,,,,,6,5,,
1.97,29,9-16-22-25,,,,,24,20,,,,,,12-13-26-28,7,,10-11,,,,,6,5,,
1.98,29,9-16-22-25,,,,,24,20,,,,,,12-13-26-28,7,,10-11,,,,,6,5,,
1.99,29,9-16-22-25,,,,,24,20,,,,,,12-13-26-28,7,,10-11,,,,,6,5,,
2.0,29,9-16-22-25,,,,,24,20,,,,,,12-13-26-28,,7,10-11,,,,,6,5,,
2.01,29,9-16-22-25,,,,,24,20,,,,,,13-26-28,12,7,10-11,,,,,6,5,,
2.02,29,9-16-22-25,,,,,24,20,,,,,,13-26-28,12,7,10-11,,,,,6,5,,
2.03,29,9-16-22-25,,,,,24,20,,,,,,13-26-28,12,7,10-11,,,,,6,5,,
2.04,,9-16-22-25,,,,,24,20,,,,,,13-26-28,12,7,10-11,,,,,6,5,,
2.05,,9-16-22-25,,,,,24,20,,,,,,13-26-28,12,7,10-11,,,,,6,5,,
2.06,,9-16-22-25,,,,,,20-24,,,,,,13-26-28,12,7,10-11,,,,,6,5,,
2.07,,9-16-22-25,,,,,,20-24,,,,,,13-26-28,12,7,10-11,,,,,,5,,
2.08,,9-16-22-25,,,,,,20-24,,,,,,13-26-28,12,7,10-11,,,,,,5,,
2.09,,9-16-22-25,,,,,,20-24,,,,,,13-26-28,12,7,10-11,,,,,,5,,
2.1,,9-16-22-25,,,,,,20-24,,,,,,2-13-26-28,12,7,10-11,,,,,,5,,
2.11,,9-16-22-25,,,,,,20-24,,,,,,2-13-26-28,12,7,10-11,,,,,,5,,
2.12,,9-16-22-25,,,,,,20-24,,,,,,2-13-26-28,12,,10-11,,,,,,5,,
2.13,,9-16-22-25,,,,,,20-24,,,,,,2-13-26-28,12,,10-11,,,,,,5,,
2.14,,9-16-22-25,,,,,,20-24,,,,,,2-13-26-28,12,,10-11,,,,,,5,,
2.15,,16-22-25,9,,,,,20-24,,,,,,2-13-26-28,12,,10-11,,,,,,5,,
2.16,,16-22-25,9,,,,,20-24,,,,,,2-13-26-28,12,,10-11,,,,,,5,,
2.17,,16-22-25,9,,,,,20-24,,,,,,2-13-26-28,12,,10-11,,,,,,5,,
2.18,,16-22-25,9,,,,,20-24,,,,,,2-13-26-28,12,,10-11,,,,,,5,,
2.19,,16-22-25,9,,,,,20-24,,,,,,2-13-26-28,12,,10-11,,,,,,5,,
2.2,,16-22-25,9,,,,,20-24,,,,,,2-13-28,12,,10-11,,,,,,5,,
2.21,,16-22-25,9,,,,,20-24,,,,,,2-13-28,12,,10-11,,,,,,5,,
2.22,,16-22-25,9,,,,,20-24,,,,,,2-13-28,12,,10-11,,,,,,5,,
2.23,,16-22-25,9,,,,,20-24,,,,,,2-13,12,,10-11,,,,,,5,,
2.24,,16-22-25,9,,,,,20-24,,,,,,2-13,12,,10-11,,,,14,,5,,
2.25,,16-22-25,9,,,,,20-24,,,,,,2-13,12,,10-11,,,,14,,5,,
2.26,,16-22-25,9,,,,,20-24,,,,,,2-13,12-17,,10-11,,,,14,,5,,
2.27,,16-22-25,9,,,,,20-24,,,,,,2-13,12-17,,10-11,,,,14,,5,,
2.28,,16-22-25,9,,,,,20-24,,,,,,2-13,12-17,,10-11,,,,14,,5,,
2.29,,16-22-25,9,,,,,20-24,,,,,,2-13,12-17,,11,,,,14,,5,,
2.3,,16-22-25,9,,,,,20-24,,,,,,2-13,12-17,,,,,,14,,5,,
2.31,,16-22-25,9,,,,,20-24,,,,,,2-13,12-17,,,,,,14,,5,,
2.32,,16-22-25,9,,,,,20-24,,,,,,2-13,17,12,,,,,14,,5,,
2.33,,22-25,9,,,,,20-24,,,,,,2-13,17,12,,,,,14,,5,,
2.34,,22-25,9,,,,,20-24,,,,,,2-13,17,12,,,,,14,,5,,
2.35,,22-25,9,,,,,20-24,,,,,,2-13,17,12,,,,,14,,5,,
2.36,,22-25,9,,,,,20-24,,,,,,2-13,17,12,,,,,14,,5,,
2.37,,22-25,9,,,,,20-24,,,,,,2-13,17,12,,,,,14,,5,,
2.38,,22-25,9,,,,,20-24,,,,,,2-13,17,12,,,,,14,,5,,
2.39,,22-25,9,,,,,20-24,,,,,,2-13,17,12,,,,,14,,5,,
2.4,,22-25,9,,,,,20-24,,,,,,2-13,17,12,,,,,14,,5,,
2.41,,22-25,9,,,,,20-24,,,,,,2,13-17,12,,,,,14,,5,,
2.42,,22-25,9,,,,,20-24,,,,,,2,13-17,12,,,,,14,,5,,
2.43,,22-25,9,,,,,24,20,,,,,2,13-17,12,,,,,14,,5,,
2.44,,22-25,9,,,,,24,20,12,,,,2,13-17,,,,,,14,,5,,
2.45,,22-25,9,,,,,24,20,12,,,,2,13-17,,,,,,14,,5,,
2.46,,22-25,9,,,,,24,20,12,,,,2,13-17,,,,,,14,,5,,
2.47,,22-25,,,,,,24,20,12,,,,2,13-17,,,,,,14,,5,,
2.48,,22-25,,,,,,24,20,12,,,,2,13-17,,,,,,14,,5,8,
2.49,,25,22,,,,,24,20,12,,,,2,13-17,,,,,,14,,5,8,
2.5,,25,22,,,,,24,20,12,,,,2,13-17,,,,,,14,,5,8,
2.51,,25,22,,,,4,24,20,12,,,,2,13-17,,,,,,14,,5,8,
2.52,,25,22,,,,4,,20,12,,,,2,13-17,,,,,,14,,5,8,
2.53,,25,22,,,,4,,20,12,,,,2,13-17,,,,,,14,,5,8,
2.54,,25,22,,,,4,,20,12,,,,2,13-17,,,,,,14,1,5,8,
2.55,,25,22,,,,4,,20,12,,,,2,13-17,,,,,,14,1,5,8,
2.56,,25,22,,,,4,,20,12,,,,2,13-17,,,,,,14,1,5,8,
2.57,,25,22,,,,4,,20,12,,,,2,13,,,,,,14,1,5,8,
2.58,,,22-25,,,,4,,20,12,,,,2,13,,,,,,14,1,5,8,
2.59,,,22-25,,,,4,,20,12,,,,2,13,,,,,,14,1,5,8,
2.6,,,22-25,,,,4,,20,12,,,,2,13,,,,,,14,1,5,8,
2.61,,,22-25,,,,4,,20,12,,,,2,13,,,,,,,1,5,8,
2.62,,,22-25,,,,4,,20,12,,,,2,13,,,,,,,1,5,8,
2.63,,,22-25,,,,4,,20,12,,,,2,13,,,,,,,1,5,8,
2.64,,,22-25,,,,4,,20,12,,,,2,13,,,,,,,1,5,8,
2.65,,,22-25,,,,4,,20,12,,,,2,13,,,,,,,1,5,8,
2.66,,,22-25,,,,4,,20,12,,,,2,13,,,,,,,1,5,8,
2.67,,,22-25,,,,4,,20,12,,,,2,13,,,,,,,1,5,8,
2.68,,,22-25,,,,4,,20,12,,,,,2-13,,,,,,,1,5,8,
2.69,,,22-25,,,,4,,20,12,,,,,2-13,,,,,,,,1,,8
2.7,,,22-25,,,,4,,20,12,,,,,2-13,,,,,,,,1,,8
2.71,,,22-25,,,,4,,20,12,,,,,2-13,,,,,,,,1,,8
2.72,,,22-25,,,,4,,20,12,,,,,2,,,,,,,,1,,8
2.73,,,22-25,,,,4,,20,12,,,,,2,,,,,,,,1,,8
2.74,,,22-25,,,,4,,20,12,,,,,2,,,,,,,,1,,8
2.75,,,22-25,,,,4,,20,12,,,,,2,,,,,,,,1,,8
2.76,,,22-25,,,,4,,20,12,,,,,2,17,,,,,,,1,,8
2.77,,,22-25,,,,4,,20,12,,,,,2,17,,,,,,,1,,8
2.78,,,22-25,,,,4,,20,12,,,,,2,17,,,,,,14,1,,8
2.79,,,22-25,,,,4,,20,12,,,,,2,17,26,,,,,14,1,,8
2.8,,,22-25,,,,4,,20,12,,,,,2,17,26,,,,,14,1,,8
2.81,,,25,,,,4,,20,12,,,,,2,17,26,,,,,14,1,,8
2.82,,,25,,,,4,,20,12,,,,,2,17,26,,,,,14,1,,8
2.83,,,25,,,,4,,20,,,,,,2,17,26,,,,,14,1,,8
2.84,,,25,,,,4,,,,,,,,2,17,26,,,,,14,1,,8
2.85,,,25,,,,4,,,,,,,,2,17,26,,,,,14,1,,8
2.86,,,25,,,,4,,,,,,,,2,17,26,,,,,14,1,,8
2.87,,,25,,,,4,,,,,,,,2,17,26,,,,,14,1,,8
2.88,,,25,,,,4,,,,,,,,2,,26,,,,,14,1,,8
2.89,,,25,,,,4,,,,,,,,2,,26,,,,,14,1,,8
2.9,,,,,,,4,,,,,,,,2,13,26,,,,,14,1,,8
2.91,,,,,,,4,,,,,,,,2,13,26,,,,,14,1,,8
2.92,,,,,,,4,,,,,,,,2,13,26,,,,,14,1,,8
2.93,,,,,,,21,4,,,,,,,2,13,26,,,,,,1-14,,8
2.94,,,,,,,21,4,,,,,,,2,13,26,,,,,,1-14,,8
2.95,,,,,,,21,4,,,,,,,2,13,26,,,,,,1-14,,8
2.96,,,,,,,21,4,,,,,,,2,13,26,,,,,,1-14,,8
2.97,,,,,,,19-21,4,,,,,,,2,13,26,,,,,,1-14,,8
2.98,,,,,,,19-21,4,,,,,,,2,13,26,,,,,,0-1-14,,8
2.99,,,,9,,,19-21,4,,,,,,,,2-13,26,,,,,,0-1-14,,8
3.0,,,,9,,,19-21,4,,,,,,,,2-13,26,,,,,,0-1-14,,8
3.01,,,,9,,,19-21,4,,,,,,,,2-13,26,,,,,,0-1-14,,8
3.02,,,,9,,,19-21,4,,,,,,,,2,26,,,,,,0-1-14,,8
3.03,,,,9,,,19-21,4,,,,,,,,2,26,,,,,,0-1-14,,8
3.04,,,,9,,,19-21,4,,,,,,,,2,26,,,,,,0-1-14,,8
3.05,,,,9,,,19-21,4,,,,,,15,,2,26,11,,,,,0-1-14,,8
3.06,,,,9,,,19-21,4,,,,,,15,,2,26,11,,,,,0-1-14,,8
3.07,,,,9,,,19-21,4,,,,,,15,,2,26,11,,,,,0-1-14,,8
3.08,,,,9,,,19-21,4,,,,,,15,,2,26,11,,,,,0-1-14,,8
3.09,,,,9,,,19-21,4,,,,,,15,,2,26,11,,,,,0-1-14,,8
3.1,,,,9,,,19-21,4,,,,,,15,,2,26,11,,,,,0-1-14,,8
3.11,,,,9,,,19-21,4,,,,,,15,,,26,11,,,,,0-1-14,,8
3.12,,,,9,,,19-21,4,,,,,,15,,,26-28,11,,,,,0-1-14,,8
3.13,,,,9,,,19-21,4,,,,,,15,,,26-28,11,,,,,0-1-14,,8
3.14,,,,9,,,19-21,4,,,,,,15,,,26-28,11,,,,,0-1-14,,8
3.15,,,,9,,,19-21,4,,,,,,15,,,26-28,11,,,,,0-1-14,,8
3.16,,,,9,,,19-21,4,,,,,,15,,,26-28,11,,,,,0-1-14,,8
3.17,,,,9,,,19-21,4,,,,,,15,,,26-28,11,,,,,0-1-14,,8
3.18,,,,9,,,19-21,4,,,,,,15,,,26-28,11,,,,,0-1-14,,
3.19,,,,9,,,19-21,4,,,,,,15,,,26-28,11,,,,,0-1-14,,
3.2,,,,9,,,19-21,4,,,,,,15,,,26-28,11,,,,,0-1-14,,
3.21,,,,9,,,19-21,4,,,,,,15,,,26-28,11,,,,,0-1-14,,
3.22,,,,9,20,,19-21,4,,,,,,15,,,26-28,11,,,,,0-1-14,,
3.23,,,,9,20,,19-21,4,,,,,,15,,,26-28,11,,,,,0-1-14,,
3.24,,,,9,20,,19-21,4,,,,,,15,,,26-28,11,,,,,0-1-14,,
3.25,,,,9,20,,19-21,4,,,,,,15,,,26-28,11,,,,,0-1-14,,
3.26,,,,9,20,,19-21,4,,,,,,15,,,26-28,11,,,,,0-1-14,,
3.27,,,,9,20,,19-21,4,,,,,,15,,,26-28,11,,,,,0-1-6-14,,
3.28,,,,9,20,,19-21,4,,,,,,15,,,26-28,11,,,,,0-1-6-14,,
3.29,,,,9,20,,19-21,4,,,,,,15,,,28,11-26,,,,,0-1-6-14,,
3.3,,,,9,20,,19-21,4,,,,,,15,,,28,11-26,,,,,0-1-6-14,,
3.31,,,,9,20,,19-21,4,,,,,,15,,,28,11-26,,,,,0-1-6-14,,
3.32,,,,9,20,,19-21,4,,24,,,,15,,,28,11-26,,,,,0-1-6-14,,
3.33,,,,9,20,,19-21,4,,24,,,,15,,,28,11-26,,,,,0-1-6-14,,
3.34,,,,9,20,,19-21,4,,24,,,,15,,,28,11-26,,,,,0-1-6-14,,
3.35,,,,9,20,,19,4,,24,,,,15,,,28,11-26,,,,,0-1-6-14,,
3.36,,,,9,20,,19,4,,24,,,,15,,,28,26,,,,,0-1-6-14,,
3.37,,,,9,20,,19,4,,24,,,,15,,,28,26,,,,,0-1-6-14,,
3.38,,,,,9-20,,19,4,,24,,,,15,,,28,26,,,,,0-1-6-14,,
3.39,,,,,9-20,,,,,4-24,,,,15,,,28,26,,,,,0-1-6-14,,
3.4,,,,,9-20,,,,,4-24,,,,15,,,28,26,,,,,0-1-6-14,,
3.41,,,,,9-20,,,,,4-24,,,,15,,,28,26,,,,,0-1-6-14,,
3.42,,,,,9-20,,,,,4-24,,,,15,,,28,26,,,,,0-1-6-14,,
3.43,,,,,9-20,,,,,4-24,,,,15,,,28,26,,,,,0-1-6-14,,
3.44,,,,,9-20,,,,,4-24,,,,15,,,28,26,,,,,0-1-6-14,,
3.45,,,,,9-20,,,,,4-24,12,,,15,,,28,26,,,,,0-1-6-14,,
3.46,,,,,9-20,,,,,4-24,12,,,15,,,28,26,,,,,0-1-6-14,,
3.47,,,,,9-20,,,,,4-24,12,,,15,,,28,26,,,,,0-1-6-14,,
3.48,,,,,9-20,,,,,4-24,12,,,15,,,28,26,,,,,0-1-6-14,,
3.49,,,,,9-20,,,,,4-24,12,,,15,,,28,26,,,,,0-1-6-14,,
3.5,,,,,9-20,,,,,4-24,12,,,15,,,28,26,,,,,0-1-6-14,,
3.51,,,,,9-20,,,,,4-24,12,,,15,,,28,26,,,,,0-1-6-14,,
3.52,,,,,9-20,,,,,4-24,12,,,15,,,28,26,,,,,0-1-6-14,,
3.53,,,,,9-20,,,,,4-24,12,,,15,,,28,26,,,,,0-1-6-14,,
3.54,,,,,9-20,,,,,4-24,12,,,15,,,28,26,,,,,0-1-6-14,,
3.55,,,,,9-20,,,,,4-24,12,,,15,,,28,26,,,,,0-1-6-14,,
3.56,,,,,9-20,,,,,4-24,12,,,15,,,28,26,,,,,0-1-6-14,,
3.57,,,,,9-20,,,,,4-24,12,,,15,,,28,26,,,,,0-1-6-14,,
3.58,,,,,9-20,,,,,4-24,12,,,15,,,28,26,,,,,0-1-6-14,,
3.59,,,,,9-20,,,,,4-24,12,,,15,,,28,26,,,,,0-1-6-14,,
3.6,,,,,9-20,,,,,4-24,12,,,15,,,28,,26,,,,0-1-6-14,,
3.61,,,,,9-20,,,,,4-24,12,,,15-23,,,28,,26,,,,0-1-6-14,,
3.62,,,,,9-20,,,18,,4-24,12,,,15-23,,,,,26,,,,0-1-6-14,,
3.63,,,,,9-20,,,18,,4-24,12,,,23,,,15,,26,,,,0-1-6-14,,
3.64,,,,,9-20,,,18,3,4-24,12,,,23,,,15,,26,,,,0-1-6-14,,
3.65,,,,,9-20,,,18,3,4-24,12,,,23,,,15,,26,,,,0-1-6-14,,
3.66,,,,,9-20,,,18,3,4-24,12,,,23,,,15,,26,,,,0-1-6-14,,
3.67,,,,,9-20,,,18,3,4-24,12,,,23,,,15,,26,,,,0-1-6-14,,
3.68,,,,,9-20,,,18-19,3,4-24,12,,,23,,,15,,26,,,,0-1-6-14,,
3.69,,,,,9-20,,,18-19,3,4-24,12,,,23,,,15,,26,,,,0-1-6-14,,
3.7,,29,,,9-20,,,18-19,3,4-24,12,,,23,,,15,,26,,,,0-1-6-14,,
3.71,,29,,,9-20,,,18-19,3,4,12-24,,,23,,,15,,26,,,,0-1-6-14,,
3.72,,29,,,9-20,,,18-19,3,4,12-24,,,23,,,15,,26,,,,0-1-6-14,,
3.73,,29,,,9-20,,,18-19,3,4,12-24,,,23,,,15,,26,,,,0-1-6-14,,
3.74,,29,,,9-20,,,18-19,3,4,12-24,,,23,,,15,,26,,,,0-1-6-14,,
3.75,,29,,,9-20,,,18-19,3,4,12-24,,,23,,,15,,26,,,,0-1-6-14,,
3.76,,29,,,9-20,,,18-19,3,4,12-24,,,23,,,15,,26,,,,0-1-6-14,,
3.77,,29,,,9-20,,,18-19,3,4,12-24,,,23,,,15,,26,,,,0-1-6-14,,
3.78,,29,,,9-20,,,18-19,3,,4-12-24,,,23,,,15,,26,,,,0-1-6-14,,
3.79,,29,,,9-20,,,18-19,3,,4-12-24,,,23,,,15,,1-26,,,,0-6-14,,
3.8,,29,,,9-20,,,18-19,3,,4-12-24,,,23,,,15,,1-26,,,,0-6-14,,
3.81,,29,,,9-20,,,18-19,3,,4-12-24,,,23,,,15,,1-26,,,,0-6-14,,
3.82,,29,,25,9-20,,,18-19,3,,4-12-24,,,23,,,15,,1-26,,,,0-6-14,,
3.83,,29,,25,9-20,,,18-19,3,,4-12-24,,,23,,,15,,1-26,,,,0-6-14,,
3.84,,29,,25,9-20,,,18-19,3,,4-12-24,,,23,,,15,,1-26,,,,0-6-14,,
3.85,,29,,25,9-20,,,18-19,3,,4-12-24,,,23,,,15,,1-26,,,,0-6-14,,
3.86,,29,,25,9-20,,,18-19,3,,4-12-24,,,23,,,15,,1-26,,,,0-6-14,,
3.87,,29,,25,9-20,,,18-19,3,,4-12-24,,,23,,,15,,1-26,,,,0-6-14,,
3.88,,29,,25,9-20,,,18-19,3,,4-24,12,,23,,,15,,1-26,,,,0-6-14,,
3.89,,29,,25,9-20,,,18-19,3,,4-24,12,,23,,,15,,1-26,,,,0-6-14,,
3.9,,29,,25,9-20,,,18-19,3,,4-24,12,,23,,,15,,1-26,,,,0-6-14,,
3.91,,29,,25,9-20,,,18-19-21,3,,4-24,12,,23,,,15,,1-26,,,,0-6-14,,
3.92,,29,,25,9-20,,,18-19-21,3,,4-24,12,,23,,,15,,1-26,,,,0-6-14,,
3.93,,29,,25,9-20,,,18-19-21,3,,4-24,12,,23,,,15,,1-26,,,,0-6-14,,
3.94,,29,,25,9-20,,,18-19-21,3,,4-24,12,,23,,,15,,1,26,,,0-6-14,,
3.95,,29,,25,9-20,,,18-19-21,3,,4-24,12,,23,,,15,,1,26,,,0-6-14,,
3.96,,29,,25,9-20,,,18-19-21,3,,4-24,12,,23,,,15,,1,26,,,0-6-14,,
3.97,,29,,25,9-20,,,18-19-21,3,,4-24,12,,23,,,15,,1,26,,,0-6-14,,
3.98,,29,,25,9-20,,,18-19-21,3,,4-24,12,,23,,,15,,1,26,,,0-6-14,,
3.99,,29,,25,9-20,,27,18-19-21,3,,4-24,12,,23,,,15,,1,26,,,0-6-14,,
4.0,,29,,25,9-20,,27,18-19-21,3-7,,4-24,12,,23,,,15,,1,26,,,0-6-14,,
4.01,,29,,25,9-20,,27,18-19-21,3-7,,4-24,12,,23,,,15,,1,26,,,0-6-14,,
4.02,,29,,25,9-20,,27,18-19-21,3-7,,4-24,12,,23,,,15,,1,26,,,0-6-14,,
4.03,,29,,25,9-20,,27,18-19-21,3-7,,4-24,12,,23,,,15,,1,26,,,0-6,,
4.04,,29,,25,9-20,,27,18-19-21,3-7,,4-24,12,,23,,,15,,1,26,,,0-6,,
4.05,,29,,25,3-9-20,,27,18-19-21,7,,4-24,12,,23,,,15,,1,26,,,0-6,,
4.06,,29,,25,3-9-20,,27,18-19-21,7,,4-24,12,,23,,,15,,1,26,,,0-6,,
4.07,,29,,25,3-9-20,,27,18-19-21,7,,4-24,12,,23,,,15,,1,26,,,0-6,,
4.08,,29,,25,3-9-20,,27,19-21,7-18,,4-24,12,,23,,,15,,1,26,,,6,,
4.09,,29,,25,3-9-20,,27,19-21,7-13-18,,4-24,12,,23,,,15,,1,26,,,6,,
4.1,,29,,25,3-9-20,,27,19-21,7-13-18,,4-24,12,,23,,,15,,1,26,,,6,,
4.11,,29,,25,3-9-20,,27,19-21,7-13-18,,4-24,12,,23,,,15,,1,26,,,6,,
4.12,,29,,25,3-9-20,,27,19-21,7-13-18,,4-24,12,,23,,,15,,1,26,,,6,,
4.13,,29,,25,3-9-20,,27,19-21,7-13-18,,4-24,12,,23,,,,15,,1-26,,,6,,
4.14,,29,,25,3-9-20,,27,21,7-13-18,,4,12,,23,,,,15,,1-26,,,6,,
4.15,,29,,25,3-9-20,,27,21,7-13-18,,4,12,,23,,,,15,5,1-26,,,6,,
4.16,,29,,25,3-9-20,,27,21,7-13-18,,4,12,,23,,,,15,5,1-26,,,6,,
4.17,,29,,25,3-9-20,,27,21,7-13-18,,4,12,,23,,,,15,5,1-26,,,6,,
4.18,,29,,25,3-9-20,,27,21,7-13-18,,4,12,,23,,,,15,5,1-26,,,6,,
4.19,,29,,25,3-9-20,,27,21,7-13-18,,4,12,,,23,,,15,5,1-26,,,6,,
4.2,,29,,25,3-9-20,,27,21,7-13-18,,4,12,,,23,,,15,5,1-26,,,6,,
4.21,,29,,,3-9-20-25,,27,21,7-13-18,,,4-12,,,23,,,15,5,1-26,,,6,,
4.22,,29,,,3-9-20-25,,27,21,7-13-18,,,4-12,,,23,,,15,5,1-26,,,6,,
4.23,,29,,,3-9-20-25,,27,21,7-13-18,,,4-12,,,23,,,15,5,1-26,,,6,,
4.24,,29,,,3-9-20-25,,27,21,7-13-18,,,4-12,,,23,,,15,5,1-26,,,6,,
4.25,,29,,,3-9-20-25,,27,21,7-13-18,,,4-12,,,23,,,15,5,1-26,,,6,,
4.26,,29,,,3-9-20-25,,27,21,7-13-18,,,4-12,,,23,,,15,5,1-26,,,6,,
4.27,,29,,,3-9-20-25,,27,21,7-13-18,,,4-12,,,23,,,15,5,1-26,,,6,,
4.28,,29,,,3-9-20-25,,27,21,7-13-18,,,4-12-24,,,23,,,15,5,1-26,,,6,,
4.29,,29,,,3-9-20-25,,27,21,7-13-18,,,4-12-24,,,23,,,15,5,1-26,,,6,,
4.3,,29,,,3-9-20-25,,27,21,7-13-18,,,4-12-24,,,23,,,15,5,1-26,,,6,,
4.31,,29,,,3-9-20-25,,27,21,7-13-18,,,4-12-24,,,23,,,15,5,1-26,,,6,,
4.32,,29,,,3-9-20-25,,27,21,7-13-18,,,4-12-24,,,23,,,15,5,1-26,,,6,,
4.33,,,29,,3-9-20-25,,27,21,7-13-18,,,4-12-24,,,23,,,15,5,1-26,,,6,,
4.34,,,29,,3-9-20-25,,27,21,7-13-18,,,4-12-24,,,23,,,10-15,5,1-26,,,6,,
4.35,,,29,,3-9-20-25,,27,21,7-13-18,,,4-12-24,,,23,,,10-15,5,1-26,,,6,,
4.36,,,29,,3-9-20-25,,27,21,7-13-18,,,4-12-24,,,23,,,10-15,5,1-26,,,6,,
4.37,,,29,,3-9-20-25,,27,,7-13-18,21,,4-12-24,,,23,,,8-10-15,5-6,1-26,,,,,
4.38,,,29,,3-9-20-25,,27,,7-13-18,21,,4-12-24,,,23,,,8-10-15,5-6,1-26,,,,,
4.39,,,29,,3-9-20-25,,27,,7-13-18,21,,4-12-24,,,23,,,8-10-15,5-6,1-26,,,,,
4.4,,,29,,3-9-20-25,,27,,7-13-18,21,,4-12-24,,,23,,,8-10-15,5-6,1-26,,,,,
4.41,,,16-29,,3-9-20-25,,,,13-18,21,,4-12-24,,,23,,,8-10-15,5-6,1-26,,,,,
4.42,,,16-29,22,3-9-20-25,,,,13-18,21,,4-12-24,,,23,,,8-10-15,5-6,1-26,,,,,
4.43,,,16-29,22,3-9-20-25,,,,13-18,21,,4-12-24,,,23,,,8-10-15,5-6,1-26,,,,,
4.44,,,16-29,22,3-9-20-25,,,,13-18,21,,4-12-24,,,23,,,8-10,5-6-15,1-26,,,,,
4.45,,,16-29,22,3-9-20-25,,,,13-18,21,,4-12-24,,,23,,,8-10,5-6-15,1-26,,,,,
4.46,,,16-29,22,3-9-20-25,,,,13-18,21,,4-12-24,,,23,,,8-10,5-6-15,1-26,,,,,
4.47,,,16-29,22,3-9-20-25,,,,13-18-19,21,,4-12-24,,,23,,,8-10,5-6-15,1-26,,,,,
4.48,,,16-29,22,3-9-20-25,,,,13-18-19,21,,4-12-24,,,23,,,8-10,5-6-15,1-26,,,,,
4.49,,,16-29,22,3-9-18-20-25,,,,13-19,21,,4-12-24,,,23,,,8-10,6-15,1-5-26,,,,,
4.5,,,16-29,22,3-9-13-18-20-25,,,,19,21,,4-12-24,,,,23,,8-10,6-15,1-5-26,,,,,
4.51,,,16-29,22,3-9-13-18-20-25,,,,19,21,,4-12-24,,,,23,,8-10,6-15,1-5-26,,,,,
4.52,,,16-29,22,3-9-13-18-20-25,,,,19,21,,4-12-24,,,,23,,8-10,6-15,1-5-26,,,,,
4.53,,,16-29,22,3-9-13-18-20-25,,,,19,21,,4-12-24,,,,23,,8-10,6-15,1-5-26,,,,,
4.54,,,16-29,22,3-9-13-18-20-25,,,,19,21,,4-12-24,,,,23,,8-10,6-11-15,1-5-26,,,,,
4.55,,,16-29,22,3-9-13-18-20-25,,,,19,21,,4-12-24,,,,23,,8-10,6-11-15,1-5-26,,,,,
4.56,,,16-29,22,3-9-13-18-20-25,,,,19,21,,4-12-24,,,,23,,8-10,6-11-15,1-5-26,,,,,
4.57,,,16-29,22,3-9-13-18-20-25,,,,19,21,,4-12-24,,,,23,,8-10,6-11-15,1-5-26,,,,,
4.58,,,16-29,22,3-9-13-18-20-25,,,,19,21,,4-12-24,,,,23,,8-10,6-11-15,1-5-26,,,,,
4.59,,,16-29,22,3-9-13-18-20-25,,,,19,21,,4-12-24,,,,23,,8-10,6-11-15,1-5-26,,,,,
4.6,,,16-29,22,3-9-13-18-20-25,,,,19,21,,4-12-24,,,,23,,8-10,6-11-15,1-5-26,,,,,
4.61,,,16-29,22,3-9-13-18-20-25,,,,19,21,,4-12-24,,,,23,,8-10,6-11-15,1-5-26,,,,,
4.62,,,16-29,22,3-9-13-18-20-25,,,,19-23,21,,4-12-24,,,,,,8-10,6-11-15,1-5-26,,,,,
4.63,,,16-29,22,3-9-13-18-20-25,,,,19-23,21,,4-12-24,,,,,,8-10,6-11-15,1-5-26,,,,,
4.64,,,16-29,22,3-9-13-18-20-25,,,,19-23,21,,4-12-24,,,,,,8-10,6-11-15,1-5-26,,,,,
4.65,,,16,22,3-9-13-18-20-25,,,,19-23,21,,4-12-24,,,,,,8,6-10-11-15,1-5-26,,,,,
4.66,,,16,22,3-9-13-18-20-25,,,,19-23,21,,4-12-24,,,,,,8,6-10-11-15,1-5-26,,,,,
4.67,,,16,22,3-9-13-18-20-25,,,,19-23,21,,4-12-24,,,,,,8,6-10-11-15,1-5-26,,,,,
4.68,,,16,22,3-9-13-18-20-25,,,,19-23,21,,4-12-24,,,,,,,6-8-10-11-15,1-5-26,,,,,
4.69,,,16,22,3-9-13-18-20-25,,,,19-23,21,,4-12-24,,,,,,,6-8-10-11-15,1-5-26,,,,,
4.7,,,16,22,3-9-13-18-20-25,,,,19-23,21,,4-12-24,,,,,,,6-8-10-11-15,1-5-26,,,,,
4.71,,,16,22,3-9-13-18-20-25,,,,19-23,21,,4-12-24,,,,,,,8-10-11-15,1-5-26,,,,,
4.72,,,16,22,3-9-13-18-20-25,,,,19-23,21,,4-12-24,,,,,,,8-10-11-15,1-5-26,,,,,
4.73,,,,16-22,3-9-13-18-20-25,,,,19-23,21,,4-12-24,,,,,,,8-10-11-15,1-5-26,,,,,
4.74,,,,16-22,3-9-13-18-20-25,,,,19-23,21,,4-12-24,,,,,,,8-10-11-15,1-5-6-26,,,,,
4.75,,,,16-22,3-9-13-18-20-25,,,,19-23,21,,4-12-24,,,,,,,8-10-11-15,1-5-6-26,,,,,
4.76,,,,16-22,3-9-13-18-20-25,,,,19-23,,,4-12-24,,,,,,,8-10-11-15,1-5-6-26,,,,,
4.77,,,,16-22,3-9-13-18-20-25,,,,19-23,,,4-12-24,,,,,,,8-10-11-15,1-5-6-26,,,,,
4.78,,,,16-22,3-9-13-18-20-25,,,,19-23,,,4-12-24,,,,,,,8-10-11,1-5-6-15-26,,,,,
4.79,,,,16-22,3-9-13-18-20-25,,,,19-23,,,4-12-24,,,,,,,8-10-11,1-5-6-15-26,,,,,
4.8,,,,16-22,3-9-13-18-20-25,,,,19-23,,,4-12-24,,,,,,,8-10-11,1-5-6-15-26,,,,,
4.81,,,,16,3-9-13-18-20-25,,,,19-23,,,4-12-24,,,,,,28,8-10-11,1-5-6-15-26,,,,,
4.82,,,,16,3-9-13-18-20-25,,,,19-23,,,4-12-24,,,,,,28,8-10-11,1-5-6-15-26,,,,,
4.83,,,,16,3-9-13-18-20-25,,,,19-23,,,4-12-24,,,,,,28,8-10-11,1-5-6-15-26,,,,,
4.84,,,,16,3-9-13-18-20-25,,,,19-23,,,4-12-24,,,,,,28,8-10-11,1-5-6-15-26,,,,,
4.85,,,,16,3-9-13-18-20-25,,,,19-23,,,4-12-24,,,,,,28,8-10-11,1-5-6-15-26,,,,,
4.86,,,,16,3-9-13-18-20-25,,,,19-23,,,4-12-24,,,,,,28,8-10-11,1-5-6-15-26,,,,,
4.87,,,,16,3-9-13-18-20-25,,,,19-23,,,4-12-24,,,,,,28,8-10-11,1-5-6-15-26,,,,,
4.88,,,,16,3-9-13-18-19-20-25,,,,23,,,4-12-24,,,,,,28,8-10,1-5-6-11-15-26,,,,,
4.89,,,,16,3-9-13-18-19-20-25,,,,17-23,,,4-12-24,,,,,,28,8-10-14,1-5-6-11-15-26,,,,,
4.9,,,,16,3-9-13-18-19-20-25,,,,17-23,,,4-12-24,,,,,,28,8-10-14,1-5-6-11-15-26,,,,,
4.91,,,,16,3-9-13-18-19-20-25,,,,17-23,,,4-12-24,,,,,,28,8-10-14,1-5-6-11-15-26,,,,,
4.92,,,,16,3-9-13-18-19-20-25,,,,17-23,,,4-12-24,,,,,,28,8-10-14,1-5-6-11-15-26,,,,,
4.93,,,,16,3-9-13-18-19-20-25,,,,17-23,,,4-12-24,,,,,,28,8-10-14,1-5-6-11-15-26,,,,,
4.94,,,,16,3-9-13-18-19-20-25,,,,17-23,,,4-12-24,,,,,,28,8-10-14,1-5-6-11-15-26,,,,,
4.95,,,,16,3-9-13-18-19-20-25,,,,17-23,,,4-12-24,,,,,,28,8-10-14,1-5-6-11-15-26,,,,,
4.96,,,,16,3-7-9-13-18-19-20-25,,,,17-23,,,4-12-24,,,,,,28,8-10-14,1-5-6-11-15-26,,,,,
4.97,,,,16,3-7-9-13-18-19-20-25,,,27,17-23,,,4-12-24,,,,,,28,8-10-14,1-5-6-11-15-26,,,,,
4.98,,,,16,3-7-9-13-18-19-20-25,,,27,17-23,,,4-12-24,,,,,,28,8-10-14,1-5-6-11-15-26,,,,,
4.99,,,,16,3-7-9-13-18-19-20-25,,,27,17-23,,,4-12-24,,,,,,28,8-14,1-5-6-11-15-26,,,,,
5.0,,,,16,3-7-9-13-18-19-20-25,,,27,17-23,,,4-12-24,,,,,,28,8-14,1-5-6-11-15-26,,,,,
5.01,,,,16,3-7-9-13-18-19-20-25,,,27,17-23,,,4-12-24,,,,,,28,8-14,1-5-6-11-15-26,,,,,
5.02,,,,16,3-7-9-13-18-19-20-25,,,27,17-23,,,4-12-24,,,,,,28,14,1-5-6-8-11-15-26,,,,,
5.03,,,,16,3-7-9-13-18-19-20-25,,,27,17,,,4-12-24,,,,,,28,14,1-5-6-8-11-15-26,,,,,
5.04,,,,16,3-7-9-13-18-19-20-25,,,27,17,,,4-12-24,,,,,,28,14,1-5-6-8-10-11-15-26,,,,,
5.05,,,,16,3-7-9-13-18-19-20-25,,,27,17,,,4-12-24,,,,,,28,14,1-5-6-8-10-11-15-26,,,,,
5.06,,,,16,3-7-9-13-18-19-20-22-25,,,27,17,,,4-12-24,,,,,,28,14,1-5-6-8-10-11-15-26,,,,,
5.07,,,,16,3-7-9-13-18-19-20-22-25,,,27,17,,,4-12-24,,,,,,28,14,1-5-6-8-10-11-15-26,,,,,
5.08,,,,16,3-7-9-13-18-19-20-22-25,,,27,17,,,4-12-24,,,,,,28,14,1-5-6-8-10-11-15-26,,,,,
5.09,,,,16,3-7-9-13-18-19-20-22-25,,,27,17,,,4-12-24,,,,,,28,14,1-5-6-8-10-11-15-26,,,,,
5.1,,,,16,3-7-9-13-18-19-20-22-25,,,27,17,,,4-12-24,,,,,,28,14,1-5-6-8-10-11-15-26,,,,,
5.11,,,,16,3-7-9-13-18-19-20-22-25,,,27,17,,,4-12-24,,,,,,28,14,1-5-6-8-10-11-15-26,,,,,
5.12,,,,,3-7-9-13-18-19-20-22-25,,,27,17,,,4-12-24,,,,,,,14-28,1-5-6-8-10-11-15-26,,,,,
5.13,,,,,3-7-9-13-18-19-20-22-25,,,27,17,2,,4-12-24,,,,,,,14-28,1-5-6-8-10-11-15-26,,,,,
5.14,,,,,3-7-9-13-18-19-20-22-25,,,27,17,2,,4-12-24,,,,,,,14-28,1-5-6-8-10-11-15-26,,,,,
5.15,,,,,3-7-9-13-18-19-20-22-25,,,27,17,2,,4-12-24,,,,,,,14-28,1-5-6-8-10-11-15-26,,,,,
5.16,,,,,3-7-9-13-18-19-20-22-25,,,27,17,2,,4-12-24,,,,,,,14-28,1-5-6-8-10-11-15-26,,,,,
5.17,,,,,3-7-9-13-18-19-20-22-25,,,27,17,2,,4-12-24,,,,,,,14-28,1-5-6-8-10-11-15-26,,,,,
5.18,,,,,3-7-9-13-18-19-20-22-25,,,27,17,2,,4-12-24,,,,,,,14-28,1-5-6-8-10-11-15-26,,,,,
5.19,,,,,3-7-9-13-18-19-20-22-25,,,27,17,2,,4-12-24,,,,,,,14-28,1-5-6-8-10-11-15-26,,,,,
5.2,,,,,3-7-9-13-18-19-20-22-25,,,27,17,2,,4-12-24,,,,,,,14-28,1-5-6-8-10-11-15-26,,,,,
5.21,,,,29,3-7-9-13-18-19-20-22-25,,,27,17,2,,4-12-24,,,,,,,14-28,1-5-6-8-10-11-15-26,,,,,
5.22,,,,29,3-7-9-13-18-19-20-22-25,,,27,17,2,,4-12-24,,,,,,,14-28,1-5-6-8-10-11-15-26,,,,,
5.23,,,,29,3-7-9-13-18-19-20-22-25,,,27,17,2,,4-12-24,,,,,,,28,1-5-6-8-10-11-14-15-26,,,,,
5.24,,,,29,3-7-9-13-18-19-20-22-25,,,27,17,2,,4-12-24,,,,,,,28,1-5-6-8-10-11-14-15-26,,,,,
5.25,,,,29,3-7-9-13-18-19-20-22-25,,,27,17,2,,4-12-24,,,,,,,28,1-5-6-8-10-11-14-15-26,,,,,
5.26,,,,29,3-7-9-13-18-19-20-22-25,,,27,17,2,,4-12-24,,,,,,,28,1-5-6-8-10-11-14-15-26,,,,,
5.27,,,,29,3-7-9-13-18-19-20-22-25,,,27,17,2,,4-12-24,,,,,,,28,1-5-6-8-10-11-14-15-26,,,,,
5.28,,,,29,3-7-9-13-18-19-20-22-25,,,27,17,2,,4-12-24,,,,,,,28,1-5-6-8-10-11-14-15-26,,,,,
5.29,,,,29,3-7-9-13-18-19-20-22-25,,,27,17,2,,4-12-24,,,,,,,28,1-5-6-8-10-11-14-15-26,,,,,
5.3,,,,29,3-7-9-13-18-19-20-22-25,,,27,,2,,4-12-24,,,,,,,28,1-5-6-8-10-11-14-15-26,,,,,
5.31,,,,29,3-7-9-13-18-19-20-22-25,,,27,,2,,4-12-24,,,,,,,28,1-5-6-8-10-11-14-15-26,,,,,
5.32,,,,29,3-7-9-13-18-19-20-22-25,,,27,,2,,4-12-24,,,,,,,28,1-5-6-8-10-11-14-15-26,,,,,
5.33,,,,29,3-7-9-13-18-19-20-22-25,,,27,,2,,4-12-24,,,,,,,28,1-5-6-8-10-11-14-15-26,,,,,
5.34,,,,29,3-7-9-13-18-19-20-22-25,,,27,,2,,4-12-24,,,,,,,0-28,1-5-6-8-10-11-14-15-26,,,,,
5.35,,,,29,3-7-9-13-18-19-20-22-25,,,27,,2,,4-12-24,,,,,,,0-28,1-5-6-8-10-11-14-15-26,,,,,
5.36,,,,29,3-7-9-13-18-19-20-22-25,,,27,,2,,4-12-24,,,,,,,0-28,1-5-6-8-10-11-14-15-26,,,,,
5.37,,,,29,3-7-9-13-18-19-20-22-25,,,27,,2,,4-12-24,,,,,,,0-28,1-5-6-8-10-11-14-15-26,,,,,
5.38,,,,29,3-7-9-13-18-19-20-22-25,,,27,,2,,4-12-24,,,,,,,0-28,1-5-6-8-10-11-14-15-26,,,,,
5.39,,,,29,3-7-9-13-18-19-20-22-25,,,27,,2,,4-12-24,,,,,,,0-28,1-5-6-8-10-11-14-15-26,,,,,
5.4,,,,29,3-7-9-13-18-19-20-22-25,,,27,,2,,4-12-24,,,,,,,0-28,1-5-6-8-10-11-14-15-26,,,,,
5.41,,,,29,3-7-9-13-18-19-20-22-25,,,27,,2,,4-12-24,,,,,,,0-28,1-5-6-8-10-11-14-15-26,,,,,
5.42,,,,29,3-7-9-13-18-19-20-22-25,,,27,,2,,4-12-24,,,,,,,0-28,1-5-6-8-10-11-14-15-26,,,,,
5.43,,,,29,3-7-9-13-18-19-20-22-25,,,,,2-27,,4-12-24,,,,,,,0-28,1-5-6-8-10-11-14-15-26,,,,,
5.44,,,,29,3-7-9-13-18-19-20-22-25,,,,,2-27,,4-12-24,,,,,,,0-28,1-5-6-8-10-11-14-15-26,,,,,
5.45,,,,29,3-7-9-13-18-19-20-22-25,,,,,2-27,,4-12-24,,,,,,,0-28,1-5-6-8-10-11-14-15-26,,,,,
5.46,,,,29,3-7-9-13-18-19-20-22-25,,,,,2-27,,4-12-24,,,,,,,0,1-5-6-8-10-11-14-15-26,,,,,
5.47,,,,29,3-7-9-13-18-19-20-22-25,,,,,2-27,,4-12-24,,,,,,,0,1-5-6-8-10-11-14-15-26,,,,,
5.48,,,,29,3-7-9-13-18-19-20-22-25,,,,,2-27,,4-12-24,,,,,,,0,1-5-6-8-10-11-14-15-26,,,,,
5.49,,,,29,3-7-9-13-18-19-20-22-25,,,,,2-27,,4-12-24,,,,,,,0,1-5-6-8-10-11-14-15-26,,,,,
5.5,,,,29,3-7-9-13-18-19-20-22-25,,,,,2-27,,4-12-24,,,,,,,0,1-5-6-8-10-11-14-15-26,,,,,
5.51,,,,29,3-7-9-13-18-19-20-22-25,,,,,2-27,,4-12-24,,,,,,,0,1-5-6-8-10-11-14-15-26,,,,,
5.52,,,,29,3-7-9-13-18-19-20-22-25,,,,,27,,4-12-24,,,,,,,0,1-5-6-8-10-11-14-15-26,,,,,
5.53,,,,29,3-7-9-13-18-19-20-22-25,,,,,27,,4-12-24,,,,,,,0,1-5-6-8-10-11-14-15-26,,,,,
5.54,,,,29,3-7-9-13-18-19-20-22-25,,,,,27,,4-12-24,,,,,,,0,1-5-6-8-10-11-14-15-26,,,,,
5.55,,,,29,3-7-9-13-18-19-20-22-25,,,,,27,,4-12-24,,,,,,,0,1-5-6-8-10-11-14-15-26,,,,,
5.56,,,,29,3-7-9-13-18-19-20-22-25,,,,,27,,4-12-24,,,,,,,0,1-5-6-8-10-11-14-15-26,,,,,
5.57,,,,29,3-7-9-13-18-19-20-22-25,,,,,27,,4-12-24,,,,,,,0,1-5-6-8-10-11-14-15-26,,,,,
5.58,,,,29,3-7-9-13-18-19-20-22-25,,,,,27,,4-12-24,,,,,,,0,1-5-6-8-10-11-14-15-26,,,,,
5.59,,,,29,3-7-9-13-18-19-20-22-25,,,,,27,,4-12-24,,,,,,,0,1-5-6-8-10-11-14-15-26,,,,,
5.6,,,,,3-7-9-13-18-19-20-22-25,,,,,27,,4-12-24,,,,,,,0,1-5-6-8-10-11-14-15-26,,,,,
5.61,,,,,3-7-9-13-18-19-20-22-25,,,,,27,,4-12-24,,,,,,,0,1-5-6-8-10-11-14-15-26,,,,,
5.62,,,,,3-7-9-13-18-19-20-22-25,,,,,27,,4-12-24,,,,,,,0,1-5-6-8-10-11-14-15-26,,,,,
5.63,,,,,3-7-9-13-18-19-20-22-25,,,,,27,,4-12-24,,,,,,,0,1-5-6-8-10-11-14-15-26,,,,,
5.64,,,,,3-7-9-13-18-19-20-22-25,,,,,27,,4-12-24,,,,,,,0,1-5-6-8-10-11-14-15-26,,,,,
5.65,,,,,3-7-9-13-18-19-20-22-25,,,,,27,,4-12-24,,,,,,,0,1-5-6-8-10-11-14-15-26,,,,,
5.66,,,,,3-7-9-13-18-19-20-22-25,,,,,27,,4-12-24,,,,,,,0,1-5-6-8-10-11-14-15-26,,,,,
5.67,,,,,3-7-9-13-18-19-20-22-25,,,,,27,,4-12-24,,,,,,,0,1-5-6-8-10-11-14-15-26,,,,,
5.68,,,,,3-7-9-13-18-19-20-22-25,,,,,27,,4-12-24,,,,,,,,1-5-6-8-10-11-14-15-26,,,,,
5.69,,,,,3-7-9-13-18-19-20-22-25,,,,,27,,4-12-24,,,,,,,,1-5-6-8-10-11-14-15-26,,,,,
5.7,,,,,3-7-9-13-18-19-20-22-25,,,,,27,,4-12-24,,,,,,,,1-5-6-8-10-11-14-15-26,,,,,
5.71,,,,,3-7-9-13-18-19-20-22-25,,,,,27,,4-12-24,,,,,,,,1-5-6-8-10-11-14-15-26,,,,,
5.72,,,,,3-7-9-13-18-19-20-22-25,,,,,27,,4-12-24,,,,,,,,1-5-6-8-10-11-14-15-26,,,,,
5.73,,,,,3-7-9-13-18-19-20-22-25,,,,,27,,4-12-24,,,,,,,,1-5-6-8-10-11-14-15-26,,,,,
5.74,,,,,3-7-9-13-18-19-20-22-25,,,,,27,,4-12-24,,,,,,,,1-5-6-8-10-11-14-15-26,,,,,
5.75,,,,,3-7-9-13-18-19-20-22-25,,,,,27,,4-12-24,,,,,,,,1-5-6-8-10-11-14-15-26,,,,,
5.76,,,,,3-7-9-13-18-19-20-22-25,,,,,27,,4-12-24,,,,,,,,1-5-6-8-10-11-14-15-26,,,,,
5.77,,,,,3-7-9-13-18-19-20-22-25,,,,,27,,4-12-24,,,,,,,,1-5-6-8-10-11-14-15-26,,,,,
5.78,,,,,3-7-9-13-18-19-20-22-25,,,,,27,,4-12-24,,,,,,,,1-5-6-8-10-11-14-15-26,,,,,
5.79,,,,,3-7-9-13-18-19-20-22-25,,,,,27,21,4-12-24,,,,,,,,1-5-6-8-10-11-14-15-26,,,,,
5.8,,,,,3-7-9-13-18-19-20-22-25,,,,,27,21,4-12-24,,,,,,,,1-5-6-8-10-11-14-15-26,,,,,
5.81,,,,,3-7-9-13-18-19-20-22-25,,,,,27,21,4-12-24,,,,,,,,1-5-6-8-10-11-14-15-26,,,,,
5.82,,,,,3-7-9-13-18-19-20-22-25,,,,,,21-27,4-12-24,,,,,,,,1-5-6-8-10-11-14-15-26,,,,,
5.83,,,,,3-7-9-13-18-19-20-22-25,,,,,,21-27,4-12-24,,,,,,,,1-5-6-8-10-11-14-15-26,,,,,
5.84,,,,,3-7-9-13-18-19-20-22-25,,,,,,21-27,4-12-24,,,,,,,,1-5-6-8-10-11-14-15-26,,,,,
5.85,,,,,3-7-9-13-17-18-19-20-22-25,,,,,,21-27,4-12-24,,,,,,,,1-5-6-8-10-11-14-15-26,,,,,
5.86,,,,,3-7-9-13-17-18-19-20-22-25,,,,,,21-27,4-12-24,,,,,,,,1-5-6-8-10-11-14-15-26,,,,,
5.87,,,,,3-7-9-13-17-18-19-20-22-25,,,,,,21-27,4-12-24,,,,,,,,1-5-6-8-10-11-14-15-26,,,,,
5.88,,,,,3-7-9-13-17-18-19-20-22-25,,,,,,21-27,4-12-24,,,,,,,,1-5-6-8-10-11-14-15-26,,,,,
5.89,,,,,3-7-9-13-17-18-19-20-22-25,,,,,,21-27,4-12-24,,,,,,,,1-5-6-8-10-11-14-15-26,,,,,
5.9,,,,,3-7-9-13-17-18-19-20-22-25,,,,,,21-27,4-12-24,,,,,,,,1-5-6-8-10-11-14-15-26,,,,,
5.91,,,,,3-7-9-13-17-18-19-20-22-25,,,,,,21-27,4-12-24,,,,,,,,1-5-6-8-10-11-14-15-26,,,,,
5.92,,,,,3-7-9-13-17-18-19-20-22-25,,,,,,21-27,4-12-24,,,,,,,,1-5-6-8-10-11-14-15-26,,,,,
5.93,,,,,3-7-9-13-17-18-19-20-22-25,,,,,,21-27,4-12-24,,,,,,,,1-5-6-8-10-11-14-15-26,,,,,
5.94,,,,,3-7-9-13-17-18-19-20-22-25,,,,,,21-27,4-12-24,,,,,,,,1-5-6-8-10-11-14-15-26,,,,,
5.95,,,,,3-7-9-13-17-18-19-20-22-25,,,,,,21-27,4-12-24,,,,,,,,1-5-6-8-10-11-14-15-26,,,,,
5.96,,,,,3-7-9-13-17-18-19-20-22-25,,,,,,21-27,4-12-24,,,,,,,,1-5-6-8-10-11-14-15-26,,,,,
5.97,,,,,3-7-9-13-17-18-19-20-22-25,,,,,,21-27,4-12-24,,,,,,,,1-5-6-8-10-11-14-15-26,,,,,
5.98,,,,,3-7-9-13-17-18-19-20-22-25,,,,,,21-27,4-12-24,,,,,,,,1-5-6-8-10-11-14-15-26,,,,,
5.99,,,,,3-7-9-13-17-18-19-20-22-25,,,,,,21-27,4-12-24,,,,,,,,1-5-6-8-10-11-14-15-26,,,,,
6.0,,,,,3-7-9-13-17-18-19-20-22-25,,,,,,21-27,4-12-24,,,,,,,,1-5-6-8-10-11-14-15-26,,,,,
6.01,,,,,3-7-9-13-17-18-19-20-22-25,,,,,,21-27,4-12-24,,,,,,,,1-5-6-8-10-11-14-15-26,,,,,
6.02,,,,,3-7-9-13-17-18-19-20-22-25,,,,,,21-27,4-12-24,,,,,,,,1-5-6-8-10-11-14-15-26,,,,,
6.03,,,,,3-7-9-13-16-17-18-19-20-22-25,,,,,,21-27,4-12-24,,,,,,,,1-5-6-8-10-11-14-15-26,,,,,
6.04,,,,,3-7-9-13-16-17-18-19-20-22-25,,,,,,2-21-27,4-12-24,,,,,,,,1-5-6-8-10-11-14-15-26,,,,,
6.05,,,,,3-7-9-13-16-17-18-19-20-22-25,,,,,,2-21-27,4-12-24,,,,,,,,1-5-6-8-10-11-14-15-26,,,,,
6.06,,,,,3-7-9-13-16-17-18-19-20-22-25,,,,,,2-21-27,4-12-24,,,,,,,,1-5-6-8-10-11-14-15-26,,,,,
6.07,,,,,3-7-9-13-16-17-18-19-20-22-25,,,,,,2-21-27,4-12-24,,,,,,,,1-5-6-8-10-11-14-15-26,,,,,
6.08,,,,,3-7-9-13-16-17-18-19-20-22-25,,,,,,2-21-27,4-12-24,,,,,,,,1-5-6-8-10-11-14-15-26,,,,,
6.09,,,,,3-7-9-13-16-17-18-19-20-22-25,,,,,,2-21-27,4-12-24,,,,,,,,1-5-6-8-10-11-14-15-26,,,,,
6.1,,,,,3-7-9-13-16-17-18-19-20-22-25,,,,,,2-21-27,4-12-24,,,,,,,,1-5-6-8-10-11-14-15-26,,,,,
6.11,,,,,3-7-9-13-16-17-18-19-20-22-25,,,,,,2-21-27,4-12-24,,,,,,,,1-5-6-8-10-11-14-15-26,,,,,
6.12,,,,,3-7-9-13-16-17-18-19-20-22-25,,,,,,2-21-27,4-12-24,,,,,,,,1-5-6-8-10-11-14-15-26,,,,,
6.13,,,,,3-7-9-13-16-17-18-19-20-22-25,,,,,,2-21-27,4-12-24,,,,,,,,0-1-5-6-8-10-11-14-15-26,,,,,
6.14,,,,,3-7-9-13-16-17-18-19-20-22-25,,,,,,2-21-27,4-12-24,,,,,,,,0-1-5-6-8-10-11-14-15-26,,,,,
6.15,,,,,3-7-9-13-16-17-18-19-20-22-25,,,,,,2-21-27,4-12-24,,,,,,,,0-1-5-6-8-10-11-14-15-26,,,,,
6.16,,,,,3-7-9-13-16-17-18-19-20-22-25,,,,,,2-21-27,4-12-24,,,,,,,,0-1-5-6-8-10-11-14-15-26,,,,,
6.17,,,,,3-7-9-13-16-17-18-19-20-22-25,,,,,,2-21-27,4-12-24,,,,,,,,0-1-5-6-8-10-11-14-15-26,,,,,
6.18,,,,,3-7-9-13-16-17-18-19-20-22-25,,,,,,2-21-27,4-12-24,,,,,,,,0-1-5-6-8-10-11-14-15-26,,,,,
6.19,,,,,3-7-9-13-16-17-18-19-20-22-25,,,,,,2-21-27,4-12-24,,,,,,,,0-1-5-6-8-10-11-14-15-26,,,,,
6.2,,,,,3-7-9-13-16-17-18-19-20-22-25,,,,,,2-21-27,4-12-24,,,,,,,,0-1-5-6-8-10-11-14-15-26,,,,,
6.21,,,,,3-7-9-13-16-17-18-19-20-22-25,,,,,,2-21-27,4-12-24,,,,,,,,0-1-5-6-8-10-11-14-15-26,,,,,
6.22,,,,,3-7-9-13-16-17-18-19-20-22-25,,,,,,2-27,4-12-21-24,,,,,,,,0-1-5-6-8-10-11-14-15-26,,,,,
6.23,,,,,3-7-9-13-16-17-18-19-20-22-25,,,,,,2-27,4-12-21-24,,,,,,,,0-1-5-6-8-10-11-14-15-26,,,,,
6.24,,,,,3-7-9-13-16-17-18-19-20-22-25,,,,,,2-27,4-12-21-24,,,,,,,,0-1-5-6-8-10-11-14-15-26,,,,,
6.25,,,,,3-7-9-13-16-17-18-19-20-22-25,,,,,,2,4-12-21-24-27,,,,,,,,0-1-5-6-8-10-11-14-15-26,,,,,
6.26,,,,,3-7-9-13-16-17-18-19-20-22-25,,,,,,2,4-12-21-24-27,,,,,,,,0-1-5-6-8-10-11-14-15-26,,,,,
6.27,,,,,3-7-9-13-16-17-18-19-20-22-25,,,,,,2,4-12-21-24-27,,,,,,,,0-1-5-6-8-10-11-14-15-26,,,,,
6.28,,,,,3-7-9-13-16-17-18-19-20-22-25,,,,,,2,4-12-21-24-27,,,,,,,,0-1-5-6-8-10-11-14-15-26,,,,,
6.29,,,,,3-7-9-13-16-17-18-19-20-22-25,,,,,,2,4-12-21-24-27,,,,,,,,0-1-5-6-8-10-11-14-15-26,,,,,
6.3,,,,,3-7-9-13-16-17-18-19-20-22-25-29,,,,,,2,4-12-21-24-27,,,,,,,,0-1-5-6-8-10-11-14-15-26,,,,,
6.31,,,,,3-7-9-13-16-17-18-19-20-22-25-29,,,,,,2,4-12-21-24-27,,,,,,,,0-1-5-6-8-10-11-14-15-26-28,,,,,
6.32,,,,,3-7-9-13-16-17-18-19-20-22-25-29,,,,,,2,4-12-21-24-27,,,,,,,,0-1-5-6-8-10-11-14-15-26-28,,,,,
6.33,,,,,3-7-9-13-16-17-18-19-20-22-25-29,,,,,,2,4-12-21-24-27,,,,,,,,0-1-5-6-8-10-11-14-15-26-28,,,,,
6.34,,,,,3-7-9-13-16-17-18-19-20-22-25-29,,,,,,2,4-12-21-24-27,,,,,,,,0-1-5-6-8-10-11-14-15-26-28,,,,,
6.35,,,,,3-7-9-13-16-17-18-19-20-22-25-29,,,,,,2,4-12-21-24-27,,,,,,,,0-1-5-6-8-10-11-14-15-26-28,,,,,
6.36,,,,,3-7-9-13-16-17-18-19-20-22-25-29,,,,,,2,4-12-21-24-27,,,,,,,,0-1-5-6-8-10-11-14-15-26-28,,,,,
6.37,,,,,3-7-9-13-16-17-18-19-20-22-25-29,,,,,,2,4-12-21-24-27,,,,,,,,0-1-5-6-8-10-11-14-15-26-28,,,,,
6.38,,,,,3-7-9-13-16-17-18-19-20-22-25-29,,,,,,2,4-12-21-24-27,,,,,,,,0-1-5-6-8-10-11-14-15-26-28,,,,,
6.39,,,,,3-7-9-13-16-17-18-19-20-22-25-29,,,,,,2,4-12-21-24-27,,,,,,,,0-1-5-6-8-10-11-14-15-26-28,,,,,
6.4,,,,,3-7-9-13-16-17-18-19-20-22-25-29,,,,,,2,4-12-21-24-27,,,,,,,,0-1-5-6-8-10-11-14-15-26-28,,,,,
6.41,,,,,3-7-9-13-16-17-18-19-20-22-25-29,,,,,,2,4-12-21-24-27,,,,,,,,0-1-5-6-8-10-11-14-15-26-28,,,,,
6.42,,,,,3-7-9-13-16-17-18-19-20-22-23-25-29,,,,,,2,4-12-21-24-27,,,,,,,,0-1-5-6-8-10-11-14-15-26-28,,,,,
6.43,,,,,3-7-9-13-16-17-18-19-20-22-23-25-29,,,,,,2,4-12-21-24-27,,,,,,,,0-1-5-6-8-10-11-14-15-26-28,,,,,
6.44,,,,,3-7-9-13-16-17-18-19-20-22-23-25-29,,,,,,2,4-12-21-24-27,,,,,,,,0-1-5-6-8-10-11-14-15-26-28,,,,,
6.45,,,,,3-7-9-13-16-17-18-19-20-22-23-25-29,,,,,,2,4-12-21-24-27,,,,,,,,0-1-5-6-8-10-11-14-15-26-28,,,,,
6.46,,,,,3-7-9-13-16-17-18-19-20-22-23-25-29,,,,,,2,4-12-21-24-27,,,,,,,,0-1-5-6-8-10-11-14-15-26-28,,,,,
6.47,,,,,3-7-9-13-16-17-18-19-20-22-23-25-29,,,,,,,4-12-21-24-27,,,,,,,,0-1-5-6-8-10-11-14-15-26-28,,,,,
6.48,,,,,3-7-9-13-16-17-18-19-20-22-23-25-29,,,,,,,4-12-21-24-27,,,,,,,,0-1-5-6-8-10-11-14-15-26-28,,,,,
6.49,,,,,3-7-9-13-16-17-18-19-20-22-23-25-29,,,,,,,4-12-21-24-27,,,,,,,,0-1-5-6-8-10-11-14-15-26-28,,,,,
6.5,,,,,3-7-9-13-16-17-18-19-20-22-23-25-29,,,,,,,4-12-21-24-27,,,,,,,,0-1-5-6-8-10-11-14-15-26-28,,,,,
6.51,,,,,3-7-9-13-16-17-18-19-20-22-23-25-29,,,,,,,4-12-21-24-27,,,,,,,,0-1-5-6-8-10-11-14-15-26-28,,,,,
6.52,,,,,3-7-9-13-16-17-18-19-20-22-23-25-29,,,,,,,4-12-21-24-27,,,,,,,,0-1-5-6-8-10-11-14-15-26-28,,,,,
6.53,,,,,3-7-9-13-16-17-18-19-20-22-23-25-29,,,,,,,4-12-21-24-27,,,,,,,,0-1-5-6-8-10-11-14-15-26-28,,,,,
6.54,,,,,3-7-9-13-16-17-18-19-20-22-23-25-29,,,,,,,4-12-21-24-27,,,,,,,,0-1-5-6-8-10-11-14-15-26-28,,,,,
6.55,,,,,3-7-9-13-16-17-18-19-20-22-23-25-29,,,,,,,4-12-21-24-27,,,,,,,,0-1-5-6-8-10-11-14-15-26-28,,,,,
6.56,,,,,3-7-9-13-16-17-18-19-20-22-23-25-29,,,,,,,4-12-21-24-27,,,,,,,,0-1-5-6-8-10-11-14-15-26-28,,,,,
6.57,,,,,3-7-9-13-16-17-18-19-20-22-23-25-29,,,,,,,4-12-21-24-27,,,,,,,,0-1-5-6-8-10-11-14-15-26-28,,,,,
6.58,,,,,3-7-9-13-16-17-18-19-20-22-23-25-29,,,,,,,4-12-21-24-27,,,,,,,,0-1-5-6-8-10-11-14-15-26-28,,,,,
6.59,,,,,3-7-9-13-16-17-18-19-20-22-23-25-29,,,,,,,4-12-21-24-27,,,,,,,,0-1-5-6-8-10-11-14-15-26-28,,,,,
6.6,,,,,3-7-9-13-16-17-18-19-20-22-23-25-29,,,,,,,4-12-21-24-27,,,,,,,,0-1-5-6-8-10-11-14-15-26-28,,,,,
6.61,,,,,3-7-9-13-16-17-18-19-20-22-23-25-29,,,,,,,4-12-21-24-27,,,,,,,,0-1-5-6-8-10-11-14-15-26-28,,,,,
6.62,,,,,3-7-9-13-16-17-18-19-20-22-23-25-29,,,,,,,4-12-21-24-27,,,,,,,,0-1-5-6-8-10-11-14-15-26-28,,,,,
6.63,,,,,3-7-9-13-16-17-18-19-20-22-23-25-29,,,,,,,4-12-21-24-27,,,,,,,,0-1-5-6-8-10-11-14-15-26-28,,,,,
6.64,,,,,3-7-9-13-16-17-18-19-20-22-23-25-29,,,,,,,4-12-21-24-27,,,,,,,,0-1-5-6-8-10-11-14-15-26-28,,,,,
6.65,,,,,3-7-9-13-16-17-18-19-20-22-23-25-29,,,,,,,4-12-21-24-27,,,,,,,,0-1-5-6-8-10-11-14-15-26-28,,,,,
6.66,,,,,3-7-9-13-16-17-18-19-20-22-23-25-29,,,,,,,4-12-21-24-27,,,,,,,,0-1-5-6-8-10-11-14-15-26-28,,,,,
6.67,,,,,3-7-9-13-16-17-18-19-20-22-23-25-29,,,,,,,4-12-21-24-27,,,,,,,,0-1-5-6-8-10-11-14-15-26-28,,,,,
6.68,,,,,3-7-9-13-16-17-18-19-20-22-23-25-29,,,,,,,4-12-21-24-27,,,,,,,,0-1-5-6-8-10-11-14-15-26-28,,,,,
6.69,,,,,3-7-9-13-16-17-18-19-20-22-23-25-29,,,,,,,4-12-21-24-27,,,,,,,,0-1-5-6-8-10-11-14-15-26-28,,,,,
6.7,,,,,3-7-9-13-16-17-18-19-20-22-23-25-29,,,,,,,4-12-21-24-27,,,,,,,,0-1-5-6-8-10-11-14-15-26-28,,,,,
6.71,,,,,3-7-9-13-16-17-18-19-20-22-23-25-29,,,,,,,4-12-21-24-27,,,,,,,,0-1-5-6-8-10-11-14-15-26-28,,,,,
6.72,,,,,3-7-9-13-16-17-18-19-20-22-23-25-29,,,,,,,4-12-21-24-27,,,,,,,,0-1-5-6-8-10-11-14-15-26-28,,,,,
6.73,,,,,3-7-9-13-16-17-18-19-20-22-23-25-29,,,,,,,4-12-21-24-27,,,,,,,,0-1-5-6-8-10-11-14-15-26-28,,,,,
6.74,,,,,3-7-9-13-16-17-18-19-20-22-23-25-29,,,,,,,4-12-21-24-27,,,,,,,,0-1-5-6-8-10-11-14-15-26-28,,,,,
6.75,,,,,3-7-9-13-16-17-18-19-20-22-23-25-29,,,,,,,4-12-21-24-27,,,,,,,,0-1-5-6-8-10-11-14-15-26-28,,,,,
6.76,,,,,3-7-9-13-16-17-18-19-20-22-23-25-29,,,,,,,4-12-21-24-27,,,,,,,,0-1-5-6-8-10-11-14-15-26-28,,,,,
6.77,,,,,3-7-9-13-16-17-18-19-20-22-23-25-29,,,,,,,4-12-21-24-27,,,,,,,,0-1-5-6-8-10-11-14-15-26-28,,,,,
6.78,,,,,3-7-9-13-16-17-18-19-20-22-23-25-29,,,,,,,4-12-21-24-27,,,,,,,,0-1-5-6-8-10-11-14-15-26-28,,,,,
6.79,,,,,3-7-9-13-16-17-18-19-20-22-23-25-29,,,,,,,4-12-21-24-27,,,,,,,,0-1-5-6-8-10-11-14-15-26-28,,,,,
6.8,,,,,3-7-9-13-16-17-18-19-20-22-23-25-29,,,,,,,4-12-21-24-27,,,,,,,,0-1-5-6-8-10-11-14-15-26-28,,,,,
6.81,,,,,3-7-9-13-16-17-18-19-20-22-23-25-29,,,,,,,4-12-21-24-27,,,,,,,,0-1-5-6-8-10-11-14-15-26-28,,,,,
6.82,,,,,3-7-9-13-16-17-18-19-20-22-23-25-29,,,,,,,4-12-21-24-27,,,,,,,,0-1-5-6-8-10-11-14-15-26-28,,,,,
6.83,,,,,3-7-9-13-16-17-18-19-20-22-23-25-29,,,,,,,4-12-21-24-27,,,,,,,,0-1-5-6-8-10-11-14-15-26-28,,,,,
6.84,,,,,3-7-9-13-16-17-18-19-20-22-23-25-29,,,,,,,4-12-21-24-27,,,,,,,,0-1-5-6-8-10-11-14-15-26-28,,,,,
6.85,,,,,3-7-9-13-16-17-18-19-20-22-23-25-29,,,,,,,4-12-21-24-27,,,,,,,,0-1-5-6-8-10-11-14-15-26-28,,,,,
6.86,,,,,3-7-9-13-16-17-18-19-20-22-23-25-29,,,,,,,4-12-21-24-27,,,,,,,,0-1-5-6-8-10-11-14-15-26-28,,,,,
6.87,,,,,3-7-9-13-16-17-18-19-20-22-23-25-29,,,,,,,4-12-21-24-27,,,,,,,,0-1-5-6-8-10-11-14-15-26-28,,,,,
6.88,,,,,3-7-9-13-16-17-18-19-20-22-23-25-29,,,,,,,4-12-21-24-27,,,,,,,,0-1-5-6-8-10-11-14-15-26-28,,,,,
6.89,,,,,3-7-9-13-16-17-18-19-20-22-23-25-29,,,,,,,4-12-21-24-27,,,,,,,,0-1-5-6-8-10-11-14-15-26-28,,,,,
6.9,,,,,3-7-9-13-16-17-18-19-20-22-23-25-29,,,,,,,4-12-21-24-27,,,,,,,,0-1-5-6-8-10-11-14-15-26-28,,,,,
6.91,,,,,3-7-9-13-16-17-18-19-20-22-23-25-29,,,,,,,4-12-21-24-27,,,,,,,,0-1-5-6-8-10-11-14-15-26-28,,,,,
6.92,,,,,3-7-9-13-16-17-18-19-20-22-23-25-29,,,,,,,4-12-21-24-27,,,,,,,,0-1-5-6-8-10-11-14-15-26-28,,,,,
6.93,,,,,3-7-9-13-16-17-18-19-20-22-23-25-29,,,,,,,4-12-21-24-27,,,,,,,,0-1-5-6-8-10-11-14-15-26-28,,,,,
6.94,,,,,3-7-9-13-16-17-18-19-20-22-23-25-29,,,,,,,4-12-21-24-27,,,,,,,,0-1-5-6-8-10-11-14-15-26-28,,,,,
6.95,,,,,3-7-9-13-16-17-18-19-20-22-23-25-29,,,,,,,4-12-21-24-27,,,,,,,,0-1-5-6-8-10-11-14-15-26-28,,,,,
6.96,,,,,3-7-9-13-16-17-18-19-20-22-23-25-29,,,,,,,4-12-21-24-27,,,,,,,,0-1-5-6-8-10-11-14-15-26-28,,,,,
6.97,,,,,3-7-9-13-16-17-18-19-20-22-23-25-29,,,,,,,4-12-21-24-27,,,,,,,,0-1-5-6-8-10-11-14-15-26-28,,,,,
6.98,,,,,3-7-9-13-16-17-18-19-20-22-23-25-29,,,,,,,4-12-21-24-27,,,,,,,,0-1-5-6-8-10-11-14-15-26-28,,,,,
6.99,,,,,3-7-9-13-16-17-18-19-20-22-23-25-29,,,,,,,4-12-21-24-27,,,,,,,,0-1-5-6-8-10-11-14-15-26-28,,,,,
7.0,,,,,3-7-9-13-16-17-18-19-20-22-23-25-29,,,,,,,4-12-21-24-27,,,,,,,,0-1-5-6-8-10-11-14-15-26-28,,,,,
7.01,,,,,3-7-9-13-16-17-18-19-20-22-23-25-29,,,,,,,4-12-21-24-27,,,,,,,,0-1-5-6-8-10-11-14-15-26-28,,,,,
7.02,,,,,3-7-9-13-16-17-18-19-20-22-23-25-29,,,,,,,4-12-21-24-27,,,,,,,,0-1-5-6-8-10-11-14-15-26-28,,,,,
7.03,,,,,3-7-9-13-16-17-18-19-20-22-23-25-29,,,,,,,4-12-21-24-27,,,,,,,,0-1-5-6-8-10-11-14-15-26-28,,,,,
7.04,,,,,3-7-9-13-16-17-18-19-20-22-23-25-29,,,,,,,2-4-12-21-24-27,,,,,,,,0-1-5-6-8-10-11-14-15-26-28,,,,,
7.05,,,,,3-7-9-13-16-17-18-19-20-22-23-25-29,,,,,,,2-4-12-21-24-27,,,,,,,,0-1-5-6-8-10-11-14-15-26-28,,,,,
7.06,,,,,3-7-9-13-16-17-18-19-20-22-23-25-29,,,,,,,2-4-12-21-24-27,,,,,,,,0-1-5-6-8-10-11-14-15-26-28,,,,,
7.07,,,,,3-7-9-13-16-17-18-19-20-22-23-25-29,,,,,,,2-4-12-21-24-27,,,,,,,,0-1-5-6-8-10-11-14-15-26-28,,,,,
7.08,,,,,3-7-9-13-16-17-18-19-20-22-23-25-29,,,,,,,2-4-12-21-24-27,,,,,,,,0-1-5-6-8-10-11-14-15-26-28,,,,,
7.09,,,,,3-7-9-13-16-17-18-19-20-22-23-25-29,,,,,,,2-4-12-21-24-27,,,,,,,,0-1-5-6-8-10-11-14-15-26-28,,,,,
7.1,,,,,3-7-9-13-16-17-18-19-20-22-23-25-29,,,,,,,2-4-12-21-24-27,,,,,,,,0-1-5-6-8-10-11-14-15-26-28,,,,,
7.11,,,,,3-7-9-13-16-17-18-19-20-22-23-25-29,,,,,,,2-4-12-21-24-27,,,,,,,,0-1-5-6-8-10-11-14-15-26-28,,,,,
7.12,,,,,3-7-9-13-16-17-18-19-20-22-23-25-29,,,,,,,2-4-12-21-24-27,,,,,,,,0-1-5-6-8-10-11-14-15-26-28,,,,,
7.13,,,,,3-7-9-13-16-17-18-19-20-22-23-25-29,,,,,,,2-4-12-21-24-27,,,,,,,,0-1-5-6-8-10-11-14-15-26-28,,,,,
7.14,,,,,3-7-9-13-16-17-18-19-20-22-23-25-29,,,,,,,2-4-12-21-24-27,,,,,,,,0-1-5-6-8-10-11-14-15-26-28,,,,,
7.15,,,,,3-7-9-13-16-17-18-19-20-22-23-25-29,,,,,,,2-4-12-21-24-27,,,,,,,,0-1-5-6-8-10-11-14-15-26-28,,,,,
7.16,,,,,3-7-9-13-16-17-18-19-20-22-23-25-29,,,,,,,2-4-12-21-24-27,,,,,,,,0-1-5-6-8-10-11-14-15-26-28,,,,,
7.17,,,,,3-7-9-13-16-17-18-19-20-22-23-25-29,,,,,,,2-4-12-21-24-27,,,,,,,,0-1-5-6-8-10-11-14-15-26-28,,,,,
7.18,,,,,3-7-9-13-16-17-18-19-20-22-23-25-29,,,,,,,2-4-12-21-24-27,,,,,,,,0-1-5-6-8-10-11-14-15-26-28,,,,,
7.19,,,,,3-7-9-13-16-17-18-19-20-22-23-25-29,,,,,,,2-4-12-21-24-27,,,,,,,,0-1-5-6-8-10-11-14-15-26-28,,,,,
7.2,,,,,3-7-9-13-16-17-18-19-20-22-23-25-29,,,,,,,2-4-12-21-24-27,,,,,,,,0-1-5-6-8-10-11-14-15-26-28,,,,,
7.21,,,,,3-7-9-13-16-17-18-19-20-22-23-25-29,,,,,,,2-4-12-21-24-27,,,,,,,,0-1-5-6-8-10-11-14-15-26-28,,,,,
7.22,,,,,3-7-9-13-16-17-18-19-20-22-23-25-29,,,,,,,2-4-12-21-24-27,,,,,,,,0-1-5-6-8-10-11-14-15-26-28,,,,,
7.23,,,,,3-7-9-13-16-17-18-19-20-22-23-25-29,,,,,,,2-4-12-21-24-27,,,,,,,,0-1-5-6-8-10-11-14-15-26-28,,,,,
7.24,,,,,3-7-9-13-16-17-18-19-20-22-23-25-29,,,,,,,2-4-12-21-24-27,,,,,,,,0-1-5-6-8-10-11-14-15-26-28,,,,,
7.25,,,,,3-7-9-13-16-17-18-19-20-22-23-25-29,,,,,,,2-4-12-21-24-27,,,,,,,,0-1-5-6-8-10-11-14-15-26-28,,,,,
7.26,,,,,3-7-9-13-16-17-18-19-20-22-23-25-29,,,,,,,2-4-12-21-24-27,,,,,,,,0-1-5-6-8-10-11-14-15-26-28,,,,,
7.27,,,,,3-7-9-13-16-17-18-19-20-22-23-25-29,,,,,,,2-4-12-21-24-27,,,,,,,,0-1-5-6-8-10-11-14-15-26-28,,,,,
7.28,,,,,3-7-9-13-16-17-18-19-20-22-23-25-29,,,,,,,2-4-12-21-24-27,,,,,,,,0-1-5-6-8-10-11-14-15-26-28,,,,,
7.29,,,,,3-7-9-13-16-17-18-19-20-22-23-25-29,,,,,,,2-4-12-21-24-27,,,,,,,,0-1-5-6-8-10-11-14-15-26-28,,,,,
7.3,,,,,3-7-9-13-16-17-18-19-20-22-23-25-29,,,,,,,2-4-12-21-24-27,,,,,,,,0-1-5-6-8-10-11-14-15-26-28,,,,,
7.31,,,,,3-7-9-13-16-17-18-19-20-22-23-25-29,,,,,,,2-4-12-21-24-27,,,,,,,,0-1-5-6-8-10-11-14-15-26-28,,,,,
7.32,,,,,3-7-9-13-16-17-18-19-20-22-23-25-29,,,,,,,2-4-12-21-24-27,,,,,,,,0-1-5-6-8-10-11-14-15-26-28,,,,,
7.33,,,,,3-7-9-13-16-17-18-19-20-22-23-25-29,,,,,,,2-4-12-21-24-27,,,,,,,,0-1-5-6-8-10-11-14-15-26-28,,,,,
7.34,,,,,3-7-9-13-16-17-18-19-20-22-23-25-29,,,,,,,2-4-12-21-24-27,,,,,,,,0-1-5-6-8-10-11-14-15-26-28,,,,,
7.35,,,,,3-7-9-13-16-17-18-19-20-22-23-25-29,,,,,,,2-4-12-21-24-27,,,,,,,,0-1-5-6-8-10-11-14-15-26-28,,,,,
7.36,,,,,3-7-9-13-16-17-18-19-20-22-23-25-29,,,,,,,2-4-12-21-24-27,,,,,,,,0-1-5-6-8-10-11-14-15-26-28,,,,,
7.37,,,,,3-7-9-13-16-17-18-19-20-22-23-25-29,,,,,,,2-4-12-21-24-27,,,,,,,,0-1-5-6-8-10-11-14-15-26-28,,,,,
7.38,,,,,3-7-9-13-16-17-18-19-20-22-23-25-29,,,,,,,2-4-12-21-24-27,,,,,,,,0-1-5-6-8-10-11-14-15-26-28,,,,,
7.39,,,,,3-7-9-13-16-17-18-19-20-22-23-25-29,,,,,,,2-4-12-21-24-27,,,,,,,,0-1-5-6-8-10-11-14-15-26-28,,,,,
