time,0-1,0-2,0-3,0-6,0-8,1-2,2-3,3-4,4-5,4-9,5-9,6-7,7-8,8-9
0.01,,,,,,,,,,,,,,
0.02,,,,,,,,,,,,,,
0.03,,0,,,,,,,,,,,,
0.04,,0,,,,,,,,,,,,
0.05,,0,,,,,,,,,,,,
0.06,,0,,,,,,,,,,,,
0.07,,0,,,,,,,,,,,,
0.08,,0-1,,,,,,,,,,,,
0.09,,0-1,,,,,,,,,,,,
0.1,,0-1-2,,,,,,,,,,,,
0.11,,0-1-2,,,,,,,,,,,,
0.12,,0-1-2,,,,,,,,,,,,
0.13,,0-1-2-3,,,,,,,,,,,,
0.14,,0-1-2-3,,,,,,,,,,,,
0.15,4,0-1-2-3,,,,,,,,,,,,
0.16,4,0-1-2-3,,,,,,,,,,,,
0.17,4,0-1-2-3,,,,,,,,,,,,
0.18,4,0-1-2-3,,,,,,,,,,,,
0.19,4,0-1-2-3,,,,,,,,,,,,
0.2,4,0-1-2-3,,,,,,,,,,,,
0.21,4,0-1-2-3,,,,,,,,,,,,
0.22,4,0-1-2-3,,,,,,,,,,,,
0.23,4,0-1-2-3,,,,,,,,,,,,
0.24,4,0-1-2-3,,,,,,,,,,,,
0.25,4,0-1-2-3,,,,,,,,,,,,
0.26,4,0-1-2-3,,,,,,,,,,,,
0.27,4,0-1-2-3,,,,,,,,,,,,
0.28,4,0-1-2-3,,,,,,,,,,,,
0.29,4,0-1-2-3,,,,,,,,,,,,
0.3,4,0-1-2-3,,,,,,,,,,,,
0.31,4,0-1-2-3,,,,,,,,,,,,
0.32,4,0-1-2-3,,,,,,,,,,,,
0.33,,0-1-2-3,,,,,,,,,,,,
0.34,,0-1-2-3,,,,,,,,,,,,
0.35,,1-2-3,,,,,,,,,,,,
0.36,,1-2-3,,,,,,,,,,,,
0.37,,1-2-3,,,,,,,,,,,,
0.38,,1-2-3,,,,,,,,,,,,
0.39,,1-2-3-5,,,,,,,,,,,,
0.4,,2-3-5,,,,,,,,,,,,
0.41,,2-3-5,,,,,,,,,,,,
0.42,,3-5-6,,,,,,,,,,,,
0.43,7,3-5-6,,,,,,,,,,,,
0.44,7,3-5-6,,,,,,,,,,,,
0.45,7,5-6-8,,,,,,,,,,,,
0.46,7,5-6-8,,,,,,,,,,,,
0.47,7,5-6-8-9,,,,,,,,,,,,
0.48,7,5-6-8-9,,,,,,,,,,,,
0.49,7,5-6-8-9,,,,,,,,,,,,
0.5,7,5-6-8-9,,,,,,,,,,,,
0.51,7,5-6-8-9,,,,,,,,,,,,
0.52,7,5-6-8-9,,,,,,,,,,,,
0.53,7,5-6-8-9-10,,,,,,,,,,,,
0.54,7,5-6-8-9-10-11,,,,,,,,,,,,
0.55,7,5-6-8-9-10-11-12,,,,,,,,,,,,
0.56,7-13,5-6-8-9-10-11-12,,,,,,,,,,,,
0.57,7-13,5-6-8-9-10-11-12,,,,,,,,,,,,
0.58,7-13,5-6-8-9-10-11-12-14,,,,,,,,,,,,
0.59,7-13,5-6-8-9-10-11-12-14,,,,,,,,,,,,
0.6,7-13,5-6-8-9-10-11-12-14,,,,,1,,,,,,,
0.61,13,5-6-8-9-10-11-12-14-15,,,,,1,,,,,,,
0.62,13,5-6-8-9-10-11-12-14-15,,,,,1,,,,,,,
0.63,13,5-6-8-9-10-11-12-14-15,,,,,1,,,,,,,
0.64,13,5-6-8-9-10-11-12-14-15,,,,,1,,,,,,,
0.65,13,5-6-8-9-10-11-12-14-15-16,,,,,1,,,,,,,
0.66,13,5-6-8-9-10-11-12-14-15-16-17,,,,,1,,,,,,,
0.67,13,5-6-8-9-10-11-12-14-15-16-17,,,,,0-1,,,,,,,
0.68,13,5-6-8-9-10-11-12-14-15-16-17,,,,,0-1,,,,,,,
0.69,13,5-6-8-9-10-11-12-14-15-16-17,,,,,0-1,,,,,,,
0.7,13,5-6-8-9-10-11-12-14-15-16-17,,,,,0-1,,,,,,,
0.71,13,6-8-9-10-11-12-14-15-16-17,,,,,0-1,,,,,,,
0.72,13,6-8-9-10-11-12-14-15-16-17,,,,,0-1,,,,,,,
0.73,13-18,6-8-9-10-11-12-14-15-16-17,,,,,0-1,,,,,,,
0.74,18,8-9-10-11-12-14-15-16-17,,,,,0-1,,,,,,,
0.75,18,8-9-10-11-12-14-15-16-17,,,,,0-1,,,,,,,
0.76,18,8-9-10-11-12-14-15-16-17,,,,,0-1,,,,,,,
0.77,18,9-10-11-12-14-15-16-17,,,,,0-1,,,,,,,
0.78,18,9-10-11-12-14-15-16-17,,,,,0-1,,,,,,,
0.79,18-20,10-11-12-14-15-16-17-19,,,,,0-1,,,,,,,
0.8,18-20-21,10-11-12-14-15-16-17-19,,,,,0-1,,,,,,,
0.81,18-20-21-22,10-11-12-14-15-16-17-19,,,,,0-1,,,,,,,
0.82,18-20-21-22,10-11-12-14-15-16-17-19,,,,,0-1,,,,,,,
0.83,18-20-21-22,10-11-12-14-15-16-17-19,,,,,0-1,,,,,,,
0.84,18-20-21-22-23,10-11-12-14-15-16-17-19,,,,,0-1,,,,,,,
0.85,18-20-21-22-23,11-12-14-15-16-17-19,,,,,0-1,,,,,,,
0.86,18-20-21-22-23,12-14-15-16-17-19,,,,,0-1,,,,,,,
0.87,18-20-21-22-23,14-15-16-17-19,,,,,0-1,,,,,,,
0.88,18-20-21-22-23-24,14-15-16-17-19,,,,,0-1,,,,,,,
0.89,18-20-21-22-23-24,14-15-16-17-19,,,,,0-1,,,,,,,
0.9,18-20-21-22-23-24-25,15-16-17-19,,,,,0-1,,,,,,,
0.91,20-21-22-23-24-25,15-16-17-19,,,,,0-1,,,,,,,
0.92,20-21-22-23-24-25,15-16-17-19,,,,,0-1,,,,,,,
0.93,20-21-22-23-24-25,16-17-19,,,,,0-1,,,,,,,
0.94,20-21-22-23-24-25-26,16-17-19,,,,,0-1,,,,,,,
0.95,20-21-22-23-24-25-26-27,16-17-19,,,,,0-1,,,,,,,
0.96,20-21-22-23-24-25-26-27,16-17-19,,,,,0-1,,,,,,,
0.97,21-22-23-24-25-26-27,17-19-28,,,,,0-1,,,,,,,
0.98,22-23-24-25-26-27,19-28,,,,,0-1,,,,,,,
0.99,23-24-25-26-27,19-28-29,,,,,0-1,,,,,,,
1.0,23-24-25-26-27,19-28-29,,,,,0,,,,,,,
1.01,23-24-25-26-27,19-28-29,,,,,0,,,,,,,
1.02,24-25-26-27,19-28-29,,,,,0,,,,,,,
1.03,24-25-26-27,19-28-29,,,,,0,,,,,,,
1.04,24-25-26-27,19-28-29,,,,,0,,,,,,,
1.05,24-25-26-27,19-28-29,,,,,0,,,,,,,
1.06,25-26-27,19-28-29,,,,,0,,,,,,,
1.07,25-26-27,19-28-29,,,,,,,,,,,,
1.08,26-27,19-28-29,,,,,,,,,,,,
1.09,26-27,19-28-29,,,,,,,,,,,,
1.1,26-27,19-28-29,,,,,,,,,,,,
1.11,26-27,28-29,,,,,,,,,,,,
1.12,27,28-29,,,,,3,,,,,,,
1.13,,28-29,,,,,3,,,,,,,
1.14,,28-29,,,,,3,,,,,,,
1.15,,28-29,,,,,3,,,,,,,
1.16,,28-29,,,,,3,,,,,,,
1.17,,28-29,,,,,3,,,,,,,
1.18,,28-29,,,,,3,,,,,,,
1.19,,28-29,,,,,3,,,,,,,
1.2,,28-29,,,,,3,,,,,,,
1.21,,28-29,,,,,3,,,,,,,
1.22,,28-29,,,,,3,,,,,,,
1.23,,28-29,,,,,3,,,,,,,
1.24,,28-29,,,,,3,,,,,,,
1.25,,28-29,,,,,3,1,,,,,,
1.26,,28-29,,,,,3,1,,,,,,
1.27,,28-29,,,,,3,1,,,,,,
1.28,,28-29,,,,,3,1,,,,,,
1.29,,29,,,,,3,1,,,,,,
1.3,,29,,,,,3,1,,,,,,
1.31,,,,,,,3,1,,,,,,
1.32,,,,,,,3,0-1,,,,,,
1.33,,,,,,,3,0-1,,,,,,
1.34,,,,,,,3,0-1,,,,,,
1.35,,,,,,,3,0-1,,,,,,
1.36,,,,,,,3,0-1,,,,,,
1.37,,,,,,,3,0-1,,,,,,
1.38,,,,,,,3,0-1,,,,,,
1.39,,,,,,,3,0-1,,,,,,
1.4,,,,,,,3,0-1,,,,,,
1.41,,,,,,,3,0-1,,,,,,
1.42,,,,,,,3,0-1,,,,,,
1.43,,,,,,,3,0-1,,,,,,
1.44,,,,,,,3,0-1,,,,,,
1.45,,,,,,,3,0-1,,,,,,
1.46,,,,,,,3,0-1,,,,,,
1.47,,,,,,,3,0-1,,,,,,
1.48,,,,,,,3,0-1,,,,,,
1.49,,,,,,,3,0-1,,,,,,
1.5,,,,,,,3,0-1,,,,,,
1.51,,,,,,,3,0-1,,,,,,
1.52,,,,,,,,0-1,,,,,,
1.53,,,,,,,,0-1,,,,,,
1.54,,,,,,,,0-1,,,,,,
1.55,,,,,,,,0-1,,,,,,
1.56,,,,,,,,0-1,,,,,,
1.57,,,,,,,,0-1,,,,,,
1.58,,,,,,,,0-1,,,,,,
1.59,,,,,,,,0-1,,,,,,
1.6,,,,,,,,0-1,,,,,,
1.61,,,,,,,,0-1,,,,,,
1.62,,,,,,,,0-1,,,,,,
1.63,,,,,,,,0,,,,,,
1.64,,,,,,,,0,,,,,,
1.65,,,,,,,,0,,,,,,
1.66,,,,,,,,0,,,,,,
1.67,,,,,,,,0,,,,,,
1.68,,,,,,,,0,,,,,,
1.69,,,,,,,,0,,,,,,
1.7,,,,,,,,,,,,,,
1.71,,,,,,,,,,,,,,
1.72,,,,,,,,,,,,,,
1.73,,,,,,,,,,,,,,
1.74,,,,,,,,,,,,,,
1.75,,,,,,,,,,,,,,
1.76,,,,,,,,,,,,,,
1.77,,,,,,,,,,,,,,
1.78,,,,,,,,,,,,,,
1.79,,,,,,,,,,,,,,
1.8,,,,,,,,,,,,,,
1.81,,,,,,,,,,,,,,
1.82,,,,,,,,,,,,,,
1.83,,,,,,,,,,,,,,
1.84,,,,,,,,,,,,,,
1.85,,,,,,7,,,,,,,,
1.86,,,,,,7,,,,,,,,
1.87,,,,,,7,,,,,,,,
1.88,,,,,,7,,,,,,,,
1.89,,,,,,7,,,,,,,,
1.9,,,,,,7,,,,,,,,
1.91,,,,,,7,,,,,,,,
1.92,,,,,,7,,,,,,,,
1.93,,,,,,7,,,,,,,,
1.94,,,,,,4-7,,,,,,,,
1.95,,,,,,4-7,,,,,,,,
1.96,,,,,,4-7,,,,,,,,
1.97,,,,,,4-7,,,,,,,,
1.98,,,,,,4-7,,,,,,,,
1.99,,,,,,4-7,,,,,,,,
2.0,,,,,,4-7,,,,,,,,
2.01,,,,,,4-7,,,,,,,,
2.02,,,,,,4-7,,,,,,,,
2.03,,,,,,4-7,,,,,,,,
2.04,,,,,,4-7,,,,,,,,
2.05,,,,,,4-7,2,,,,,,,
2.06,,,,,,4-7,2,,,,,,,
2.07,,,,,,4-7,2,,,,,,,
2.08,,,,,,4-7,2,,,,,,,
2.09,,,,,,4,2-7,,,,,,,
2.1,,,,,,4,2-7,,,,,,,
2.11,,,,,,4,2-7,,,,,,,
2.12,,,,,,4,2-7,,,,,,,
2.13,,,,,,4,2-7,,,,,,,
2.14,,,,,,4,2-7,,,,,,,
2.15,,,,,,4,2-7,,,,,,,
2.16,,,,,,4,2-7,,,,,,,
2.17,,,,,,4,2-7,,,,,,,
2.18,,,,,,,2-4-7,,,,,,,
2.19,,,,,,,2-4-7,,,,,,,
2.2,,,,,,,2-4-7,,,,,,,
2.21,,,,,,,2-4-7,,,,,,,
2.22,,,,,,,2-4-7,,,,,,,
2.23,,,,,,,2-4-7,,,,,,,
2.24,,,,,,,2-4-7,,,,,,,
2.25,,,,,,,2-4-7,,,,,,,
2.26,,,,,,,2-4-7,,,,,,,
2.27,,,,,,,2-4-7,,,,,,,
2.28,,,,,,,2-4-7,,,,,,,
2.29,,,,,,,2-4-7,,,,,,,
2.3,,,,,,,2-4-7,,,,,,,
2.31,,,,,,,2-4-7,,,,,,,
2.32,,,,,,,2-4-7,,,,,,,
2.33,,,,,,,2-4-7,,,,,,,
2.34,,,,,,,2-4-7,,,,,,,
2.35,,,,,,,2-4-7,,,,,,,
2.36,,,,,,,2-4-7,,,,,,,
2.37,,,,,,,2-4-7,,,,,,,
2.38,,,,,,,2-4-7,,,,,,,
2.39,,,,,,,2-4-7,,,,,,,
2.4,,,,,,,2-4-7,,,,,,,
2.41,,,,,,,2-4-7,,,,,,,
2.42,,,,,,,2-4-7,,,,,,,
2.43,,,,,,,2-4-7,,,,,,,
2.44,,,,,,,2-4-7,,,,,,,
2.45,,,,,,,4-7,,,,,,,
2.46,,,,,,,4-7,,,,,,,
2.47,,,,,,,4-7,,,,,,,
2.48,,,,,,,4-7,,,,,,,
2.49,,,,,,,4,,,,,,,
2.5,,,,,,,4,,,,,,,
2.51,,,,,,,4,,,,,,,
2.52,,,,,,,4,,,,,,,
2.53,,,,,,,4,,,,,,,
2.54,,,,,,,4,,,,,,,
2.55,,,,,,,4,,,,,,,
2.56,,,,,,,4,,,,,,,
2.57,,,,,,,4-5,,,,,,,
2.58,,,,,,,5,4,,,,,,
2.59,,,,,,,5,4,,,,,,
2.6,,,,,,,5,4,,,,,,
2.61,,,,,,,5,4,,,,,,
2.62,,,,,,,5,4,,,,,,
2.63,,,,,,,5,4,,,,,,
2.64,,,,,,,5,4,,,,,,
2.65,,,,,,,5,4,,,,,,
2.66,,,,,,,5,4,,,,,,
2.67,,,,,,,5,4,,,,,,
2.68,,,,,,,5,4,,,,,,
2.69,,,,,,,5,4,,,,,,
2.7,,,,,,,5,2-4,,,,,,
2.71,,,,,,,5,2-4,,,,,,
2.72,,,,,,,5,2-4,,,,,,
2.73,,,,,,,5,2-4,,,,,,
2.74,,,,,,,5,2-4,,,,,,
2.75,,,,,,,5,2-4,,,,,,
2.76,,,,,,,5,2-4,,,,,,
2.77,,,,,,,5,2-4,,,,,,
2.78,,,,,,,5,2-4,,,,,,
2.79,,,,,,,5,2-4,,,,,,
2.8,,,,,,,5,2-4,,,,,,
2.81,,,,,,,5,2-4,,,,,,
2.82,,,,,,,5,2-4,,,,,,
2.83,,,,,,,5,2-4,,,,,,
2.84,,,,,,,5,2-4,,,,,,
2.85,,,,,,,5,2-4,,,,,,
2.86,,,,,,,5,2-4,,,,,,
2.87,,,,,,,5,2-4,,,,,,
2.88,,,,,,,5,2-4,,,,,,
2.89,,,,,,,5,2-3-4,,,,,,
2.9,,,,,,,5,2-3-4,,,,,,
2.91,,,,,,,5,2-3-4,,,,,,
2.92,,,,,,,5,2-3-4,,,,,,
2.93,,,,,,,5,2-3-4,,,,,,
2.94,,,,,,,5,2-3-4,0,,,,,
2.95,,,,,,,5,2-3-4,0,,,,,
2.96,,,,,,,5,2-3,0,,,,,
2.97,,,,,,,,2-3,0,,,,,
2.98,,,,,,,,2-3,0,,,,,
2.99,,,,,,,,2-3,0-1,,,,,
3.0,,,,,,,,2-3,0-1,,,,,
3.01,,,,,,,,2-3,0-1,,,,,
3.02,,,,,,,,2-3,0-1,,,,,
3.03,,,,,,,,2-3,0-1,,,,,
3.04,,,,,,,,2-3,0-1,,,,,
3.05,,,,,,,,2-3,0-1,,,,,
3.06,,,,,,,,2-3,0-1,,,,,
3.07,,,,,,,,2-3,0-1,,,,,
3.08,,,,,,,,3,0-1,,,,,
3.09,,,,,,,,3,0-1,,,,,
3.1,,,,,,,,3-7,0-1,,,,,
3.11,,,,,,,,3-7,0-1,,,,,
3.12,,,,,,,,3-7,0-1,,,,,
3.13,,,,,,,6,3-7,0-1,,,,,
3.14,,,,,,,6,3-7,0-1,,,,,
3.15,,,,,,,6-8,3-7,0-1,,,,,
3.16,,,,,,,6-8,3-7,0-1,,,,,
3.17,,,,,,,6-8,3-7,0-1,,,,,
3.18,,,,,,,6-8,3-7,0-1,,,,,
3.19,,,,,,,6-8,3-7,0-1,,,,,
3.2,,,,,,,6-8,3-7,0-1,,,,,
3.21,,,,,,,6-8,3-7,0-1,,,,,
3.22,,,,,,,6-8,3-7,0-1,,,,,
3.23,,,,,,,6-8,3-7,0-1,,,,,
3.24,,,,,,,6-8,3-7,0-1,,,,,
3.25,,,,,,,6-8,3-7,0-1,,,,,
3.26,,,,,,,6-8,3-7,0-1,,,,,
3.27,,,,,,,6-8,7,0-1-3,,,,,
3.28,,,,,,,6-8,7,0-1-3,,,,,
3.29,,,,,,,6-8,7,1-3,,0,,,
3.3,,,,,,,6-8,7,1-3,,0,,,
3.31,,,,,,,6-8,7,1-3,,0,,,
3.32,,,,,,,6-8,7,1-2-3,,0,,,
3.33,,,,,,,6-8,7,1-2-3,,0,,,
3.34,,,,,,,6-8,7,2-3,,0-1,,,
3.35,,,,,,,6-8,7,2-3-4,,0-1,,,
3.36,,,,,,,6-8,7,2-3-4,,0-1,,,
3.37,,,,,,,6-8,7,2-3-4,,0-1,,,
3.38,,,,,,,6-8,7,2-3-4,,0-1,,,
3.39,,,,,,,6-8,7,2-3-4,,0-1,,,
3.4,,,,,,,6-8,7,2-3-4,,0-1,,,
3.41,,,,,,,6-8,7,2-3-4,,0-1,,,
3.42,,,,,,,6-8,7,2-3-4,,0-1,,,
3.43,,,,,,,6-8,7,2-3-4,,0-1,,,
3.44,,,,,,,6-8,7,2-3-4,,0-1,,,
3.45,,,,,,,6-8,7,2-3-4,,0-1,,,
3.46,,,,,,,6-8,7,2-3-4,,0-1,,,
3.47,,,,,,,6-8,5-7,2-3-4,,0-1,,,
3.48,,,,,,,6-8,5,2-3-4,,0-1,,,
3.49,,,,,,,6-8,5,2-3-4,,0-1,,,
3.5,,,,,,,6-8,5,2-3-4,,0-1,,,
3.51,,,,,,,6-8,5,2-3-4,,0-1,,,
3.52,,,,,,,6-8,5,2-3-4,,0-1,,,
3.53,,,,,,,8,5-6,2-3-4,,0-1,,,
3.54,,,,,,,8,5-6,2-3-4,,0-1,,,
3.55,,,,,,,,5-6,2-3-4,,0-1,,,
3.56,,,,,,,,5-6,2-3-4,,0-1,,,
3.57,,,,,,,,5-6,2-3-4,,0-1,,,
3.58,,,,,,,9,5-6,2-3-4,,0-1,,,
3.59,,,,,,,9,5-6,2-3-4,,0-1,,,
3.6,,,,,,,9,5-6,2-3-4,,0-1,,,
3.61,,,,,,,9,5-6,2-3-4,,0-1,,,
3.62,,,,,,,9,5-6,2-4,,0-1-3,,,
3.63,,,,,,,9,5-6,2-4,,0-1-3,,,
3.64,,,,,,,9,5-6,2-4,,0-1-3,,,
3.65,,,,,,,9,5-6,2-4,,0-1-3,,,
3.66,,,,,,13,9,5-6,2-4,,0-1-3,,,
3.67,,,,,,13,9,5-6,4,,0-1-2-3,,,
3.68,,,,,,13,9,5-6,4,,0-1-2-3,,,
3.69,,,,,,13,9,5-6,4,,0-1-2-3,,,
3.7,,,,,,13,9,5-6,,,0-1-2-3-4,,,
3.71,,,,,,13,9,5-6,,,0-1-2-3-4,,,
3.72,,,,,,13,9,5-6,7,,0-1-2-3-4,,,
3.73,,,,,,13,9-10,5-6,7,,0-1-2-3-4,,,
3.74,,,,,,13,9-10,5-6,7,,0-1-2-3-4,,,
3.75,,,,,,13,9-10,5-6,7,,0-1-2-3-4,,,
3.76,,,,,,13-18,9-10,5-6,7,,0-1-2-3-4,,,
3.77,,,,,,13-18,9-10,5-6,7,,0-1-2-3-4,,,
3.78,,,,,,13-18,9-10,5-6,7,,0-1-2-3-4,,,
3.79,,,,,,13-18,9-10,5-6,7,,0-1-2-3-4,,,
3.8,,,,,,13-18,9-10,5-6-8,7,,0-1-2-3-4,,,
3.81,,,,,,13-18,9-10,5-6-8,7,,0-1-2-3-4,,,
3.82,,,,,,13-18,9-10,5-6-8,7,,0-1-2-3-4,,,
3.83,,,,,,13-18,9-10,5-6-8,7,,0-1-2-3-4,,,
3.84,,,,,,13-18,9-10,5-6-8,7,,0-1-2-3-4,,,
3.85,,,,,,13-18,9-10,6-8,7,5,0-1-2-3-4,,,
3.86,,,,,,13-18,9-10,6-8,7,5,0-1-2-3-4,,,
3.87,,,,,,13-18,9-10,6-8,7,5,0-1-2-3-4,,,
3.88,,,,,,13-18,9-10,6-8,7,5,0-1-2-3-4,,,
3.89,,,,,,13-18,9-10,6-8,7,5,0-1-2-3-4,,,
3.9,,,,,,18,9-10-13,6-8,7,5,0-1-2-3-4,,,
3.91,,,,,,18,9-10-13,8,7,5,0-1-2-3-4,,,
3.92,,,,,,18,9-10-13,8,7,5,0-1-2-3-4,,,
3.93,,,,,,18,9-10-13,8,7,5,0-1-2-3-4,,,
3.94,,,,,,18,9-10-13,8,7,5,0-1-2-3-4,,,
3.95,,,,,,18,9-10-13,8,7,5,0-1-2-3-4,,,
3.96,,,,,,18,9-10-13,8,7,5,0-1-2-3-4,,,
3.97,,,,,,18,9-10-13,8,7,5,0-1-2-3-4,,,
3.98,,,,,,18,10-13,8,7,5,0-1-2-3-4,,,
3.99,,,,,,18,10-13,8,7,5,0-1-2-3-4,,,
4.0,,,,,,,10-13-18,8,7,5,0-1-2-3-4,,,
4.01,,,,,,,10-13-18,8,7,5,0-1-2-3-4,,,
4.02,,,,,,,10-13-18,8,7,5,0-1-2-3-4,,,
4.03,,,,,,,10-13-18,8,7,5,0-1-2-3-4,,,
4.04,,,,,,,10-13-18,8,7,5,0-1-2-3-4,,,
4.05,,,,,,,10-13-18,8,7,5,0-1-2-3-4,,,
4.06,,,,,,,10-13-18,8,7,5,0-1-2-3-4,,,
4.07,,,,,,,10-13-18,8,,5,0-1-2-3-4-7,,,
4.08,,,,,,,10-13-18,8,,5,0-1-2-3-4-7,,,
4.09,,,,,,,10-13-18,8,,5,0-1-2-3-4-7,,,
4.1,,,,,,,10-13-18,8,,5,0-1-2-3-4-7,,,
4.11,,,,,,,10-13-18,8,,5,0-1-2-3-4-7,,,
4.12,,,,,,,10-13-18,8,,5,0-1-2-3-4-7,,,
4.13,,,,,,,13-18,8,,5,0-1-2-3-4-7,,,
4.14,,,,,,,13-18,8,,5,0-1-2-3-4-7,,,
4.15,,,,,,,13-18,8,,5,0-1-2-3-4-7,,,
4.16,,,,,,,13-18,8,,5,0-1-2-3-4-7,,,
4.17,,,,,,,13-18,8,,5,0-1-2-3-4-7,,,
4.18,,,,,,,13-18,,,5,0-1-2-3-4-7,,,
4.19,,,,,,,13-18,,,5,0-1-2-3-4-7,,,
4.2,,,,,,,13-18,,,5,0-1-2-3-4-7,,,
4.21,,,,,,,13-18,,,5,0-1-2-3-4-7,,,
4.22,,,,,,,13-18,,,5,0-1-2-3-4-7,,,
4.23,,,,,,,13-18,,,5,0-1-2-3-4-7,,,
4.24,,,,,,,13-18,,,5,0-1-2-3-4-7,,,
4.25,,,,,,,13-18,,,5,0-1-2-3-4-7,,,
4.26,,,,,,,13-18,,,5,0-1-2-3-4-7,,,
4.27,,,,,,,13-18,,,5,0-1-2-3-4-7,,,
4.28,,,,,,,13-18,,,5,0-1-2-3-4-7,,,
4.29,,,,,,,13-18,,,5,0-1-2-3-4-7,,,
4.3,,,,,,,18,13,,5,0-1-2-3-4-7,,,
4.31,,,,,,,18,13,,5,0-1-2-3-4-7,,,
4.32,,,,,,,18,13,,5,0-1-2-3-4-7,,,
4.33,,,,,,,18,13,,5,0-1-2-3-4-7,,,
4.34,,,,,,,18,13,,5,0-1-2-3-4-7,,,
4.35,,,,,,,18,13,,5,0-1-2-3-4-7,,,
4.36,,,,,,,18,13,,5,0-1-2-3-4-7,,,
4.37,,,,,,,18,13,,5,0-1-2-3-4-7,,,
4.38,,,,,,,18,13,,5,0-1-2-3-4-7,,,
4.39,,,,,,,18,13,,5,0-1-2-3-4-7,,,
4.4,,,,,,,,13-18,,5,0-1-2-3-4-7,,,
4.41,,,,,,,,13-18,,5,0-1-2-3-4-7,,,
4.42,,,,,,,,13-18,,5,0-1-2-3-4-7,,,
4.43,,,,,,,,13-18,,5,0-1-2-3-4-7,,,
4.44,,,,,,,,13-18,,5,0-1-2-3-4-7,,,
4.45,,,,,,,,13-18,,5,0-1-2-3-4-7,,,
4.46,,,,,,,,13-18,,5,0-1-2-3-4-7,,,
4.47,,,,,,,,13-18,,5,0-1-2-3-4-7,,,
4.48,,,,,,,,13-18,,5,0-1-2-3-4-7,,,
4.49,,,,,,,,13-18,,5,0-1-2-3-4-7,,,
4.5,,,,,,,,13-18,,5,0-1-2-3-4-7,,,
4.51,,,,,,,,13-18,,5,0-1-2-3-4-7,,,
4.52,,,,,,,,13-18,,5,0-1-2-3-4-7,,,
4.53,,,,,,,11,13-18,,5,0-1-2-3-4-7,,,
4.54,,,,,,,11,13-18,,5,0-1-2-3-4-7,,,
4.55,,,,,,,11,13-18,,5,0-1-2-3-4-7,,,
4.56,,,,,,,11,13-18,,5,0-1-2-3-4-7,,,
4.57,,,,,,,11,13-18,,5,0-1-2-3-4-7,,,
4.58,,,,,,,11,13-18,,5,0-1-2-3-4-7,,,
4.59,,,,,,,11,13-18,,5,0-1-2-3-4-7,,,
4.6,,,,,,,11,13-18,,5,0-1-2-3-4-7,,,
4.61,,,,,,,11,13-18,,5,0-1-2-3-4-7,,,
4.62,,,,,,,11,13-18,,5,0-1-2-3-4-7,,,
4.63,,,,,,,11,13-18,,5,0-1-2-3-4-7,,,
4.64,,,,,,,11,13-18,,5,0-1-2-3-4-7,,,
4.65,,,,,,,11,13-18,6,5,0-1-2-3-4-7,,,
4.66,,,,,,,11,13-18,6,5,0-1-2-3-4-7,,,
4.67,,,,,,,11,13-18,6,5,0-1-2-3-4-7,,,
4.68,,,,,,,11,18,6,5,0-1-2-3-4-7,,,
4.69,,,,,,,11,18,6,5,0-1-2-3-4-7,,,
4.7,,,,,,,11,18,6,5,0-1-2-3-4-7,,,
4.71,,,,,,,11,18,6,5,0-1-2-3-4-7,,,
4.72,,,,,,,11,18,6,5,0-1-2-3-4-7,,,
4.73,,,,,,,11,18,6,5,0-1-2-3-4-7,,,
4.74,,,,,,,11,18,6,5,0-1-2-3-4-7,,,
4.75,,,,,,,11,18,6,5,0-1-2-3-4-7,,,
4.76,,,,,,,11,18,6,5,0-1-2-3-4-7,,,
4.77,,,,,,,11,18,6,5,0-1-2-3-4-7,,,
4.78,,,,,,,11,,6,5,0-1-2-3-4-7,,,
4.79,,,,,,,11,,6,5,0-1-2-3-4-7,,,
4.8,,,,,,,11,,6,5,0-1-2-3-4-7,,,
4.81,,,,,,,11,,6,5,0-1-2-3-4-7,,,
4.82,,,,,,,11,,6,5,0-1-2-3-4-7,,,
4.83,,,,,,,11,,6,5,0-1-2-3-4-7,,,
4.84,,,,,,,11,,6,5,0-1-2-3-4-7,,,
4.85,,,,,,,11,,6,5,0-1-2-3-4-7,,,
4.86,,,,,,,11,,6,5,0-1-2-3-4-7,,,
4.87,,,,,,,11,,6,5,0-1-2-3-4-7,,,
4.88,,,,,,,11,,6,5,0-1-2-3-4-7,,,
4.89,,,,,,,11,,6,5,0-1-2-3-4-7,,,
4.9,,,,,,,11,,6,5,0-1-2-3-4-7,,,
4.91,,,,,,,11,,6,5,0-1-2-3-4-7,,,
4.92,,,,,,,11,,6,5,0-1-2-3-4-7,,,
4.93,,,,,,,12,,6,5,0-1-2-3-4-7,,,
4.94,,,,,,,12,,6,5-13,0-1-2-3-4-7,,,
4.95,,,,,,,12,,6,5-13,0-1-2-3-4-7,,,
4.96,,,,,,,12,,6,5-13,0-1-2-3-4-7,,,
4.97,,,,,,,12,,6,5-13,0-1-2-3-4-7,,,
4.98,,,,,,,12,,6,5-13,0-1-2-3-4-7,,,
4.99,,,,,,,12,,6,5-13,0-1-2-3-4-7,,,
5.0,,,,,,,12,,,5-13,0-1-2-3-4-6-7,,,
5.01,,,,,,,12,,,5-13,0-1-2-3-4-6-7,,,
5.02,,,,,,,12,,,5-13,0-1-2-3-4-6-7,,,
5.03,,,,,,,12,,,5-13,0-1-2-3-4-6-7,,,
5.04,,,,,,,12,,,5-13,0-1-2-3-4-6-7,,,
5.05,,,,,,,12,,,5-13,0-1-2-3-4-6-7,,,
5.06,,,,,,,12,,,5-13,0-1-2-3-4-6-7,,,
5.07,,,,,,,12,,,5-13,0-1-2-3-4-6-7,,,
5.08,,,,,,,12,,,5-13,0-1-2-3-4-6-7,,,
5.09,,,,,,,12,,,5-13,0-1-2-3-4-6-7,,,
5.1,,,,,,,12,,,5-13,0-1-2-3-4-6-7,,,
5.11,,,,,,,12,,,5-13,0-1-2-3-4-6-7,,,
5.12,,,,,,,12,,,5-13,0-1-2-3-4-6-7,,,
5.13,,,,,,,12,,,5-13,0-1-2-3-4-6-7,,,
5.14,,,,,,,12,,,5-13,0-1-2-3-4-6-7,,,
5.15,,,,,,,12,,,5-13,0-1-2-3-4-6-7,,,
5.16,,,,,,,12,,,5-13,0-1-2-3-4-6-7,,,
5.17,,,,,,,12,,,5-13,0-1-2-3-4-6-7,,,
5.18,,,,,,,12,,,5-13,0-1-2-3-4-6-7,,,
5.19,,,,,,,12,,,5-13,0-1-2-3-4-6-7,,,
5.2,,,,,,,12,,,5-13-18,0-1-2-3-4-6-7,,,
5.21,,,,,,,12,,,5-13-18,0-1-2-3-4-6-7,,,
5.22,,,,,,,12,,,5-13-18,0-1-2-3-4-6-7,,,
5.23,,,,,,,12,9,,5-13-18,0-1-2-3-4-6-7,,,
5.24,,,,,,,12,9,,5-13-18,0-1-2-3-4-6-7,,,
5.25,,,,,,,12,9-10,,5-13-18,0-1-2-3-4-6-7,,,
5.26,,,,,,,12,9-10,,5-13-18,0-1-2-3-4-6-7,,,
5.27,,,,,,,12,9-10,,5-13-18,0-1-2-3-4-6-7,,,
5.28,,,,,,,12,9-10,,5-13-18,0-1-2-3-4-6-7,,,
5.29,,,,,,,12,9-10,,5-8-13-18,0-1-2-3-4-6-7,,,
5.3,,,,,,,12,9-10,,5-8-13-18,0-1-2-3-4-6-7,,,
5.31,,,,,,,12,9-10,,5-8-13-18,0-1-2-3-4-6-7,,,
5.32,,,,,,,12,9-10,,5-8-13-18,0-1-2-3-4-6-7,,,
5.33,,,,,,,,9-10,,5-8-13-18,0-1-2-3-4-6-7,,,
5.34,,,,,,,,9-10,,5-8-13-18,0-1-2-3-4-6-7,,,
5.35,,,,,,,,9-10,,5-8-13-18,0-1-2-3-4-6-7,,,
5.36,,,,,,,,9-10,,5-8-13-18,0-1-2-3-4-6-7,,,
5.37,,,,,,,,9-10,,5-8-13-18,0-1-2-3-4-6-7,,,
5.38,,,,,,,,9-10,,5-8-13-18,0-1-2-3-4-6-7,,,
5.39,,,,,,,,9-10,,5-8-13-18,0-1-2-3-4-6-7,,,
5.4,,,,,,,,9-10,,5-8-13-18,0-1-2-3-4-6-7,,,
5.41,,,,,,,,9-10,,5-8-13-18,0-1-2-3-4-6-7,,,
5.42,,,,,,,,9-10,,5-8-13-18,0-1-2-3-4-6-7,,,
5.43,,,,,,,,9-10,,5-8-13-18,0-1-2-3-4-6-7,,,
5.44,,,,,,,,9-10,,5-8-13-18,0-1-2-3-4-6-7,,,
5.45,,,,,,,,9-10,,5-8-13-18,0-1-2-3-4-6-7,,,
5.46,,,,,,,,9-10,,5-8-13-18,0-1-2-3-4-6-7,,,
5.47,,,,,,,,9-10,,5-8-13-18,0-1-2-3-4-6-7,,,
5.48,,,,,,,14,9-10-11,,5-8-13-18,0-1-2-3-4-6-7,,,
5.49,,,,,,,14,9-10-11,,5-8-13-18,0-1-2-3-4-6-7,,,
5.5,,,,,,,14,9-10-11,,5-8-13-18,0-1-2-3-4-6-7,,,
5.51,,,,,,,14,9-10-11,,5-8-13-18,0-1-2-3-4-6-7,,,
5.52,,,,,,,14,9-10-11,,5-8-13-18,0-1-2-3-4-6-7,,,
5.53,,,,,,,14,9-10-11,,5-8-13-18,0-1-2-3-4-6-7,,,
5.54,,,,,,,14,9-10-11,,5-8-13-18,0-1-2-3-4-6-7,,,
5.55,,,,,,,14,9-10-11,,5-8-13-18,0-1-2-3-4-6-7,,,
5.56,,,,,,,14,9-10-11,,5-8-13-18,0-1-2-3-4-6-7,,,
5.57,,,,,,21,14,9-10-11,,5-8-13-18,0-1-2-3-4-6-7,,,
5.58,,,,,,21,14,9-10-11-12,,5-8-13-18,0-1-2-3-4-6-7,,,
5.59,,,,,,21,14,9-10-11-12,,5-8-13-18,0-1-2-3-4-6-7,,,
5.6,,,,,,21,14,9-10-11-12,,5-8-13-18,0-1-2-3-4-6-7,,,
5.61,,,,,,21,14,10-11-12,,5-8-13-18,0-1-2-3-4-6-7,,,
5.62,,,,,,21,14,10-11-12,,5-8-13-18,0-1-2-3-4-6-7,,,
5.63,,,,,,21,14-15,11-12,,5-8-13-18,0-1-2-3-4-6-7,,,
5.64,,,,,,21,14-15,11-12,,5-8-13-18,0-1-2-3-4-6-7,,,
5.65,,,,,,21,14-15,11-12,,5-8-13-18,0-1-2-3-4-6-7,,,
5.66,,,,,,21,14-15,11-12,,5-8-13-18,0-1-2-3-4-6-7,,,
5.67,,,,,,21,14-15,11-12,,5-8-13-18,0-1-2-3-4-6-7,,,
5.68,,,,,,21,14-15,11-12,,5-8-13-18,0-1-2-3-4-6-7,,,
5.69,,,,,,21,14-15,11-12,,5-8-13-18,0-1-2-3-4-6-7,,,
5.7,,,,,,21,14-15,11-12,,5-8-13-18,0-1-2-3-4-6-7,,,
5.71,,,,,,21,14-15,11-12,,5-8-13-18,0-1-2-3-4-6-7,,,
5.72,,,,,,21,14-15,11-12,,5-8-13-18,0-1-2-3-4-6-7,,,
5.73,,,,,,21,14-15,11-12,,5-8-13-18,0-1-2-3-4-6-7,,,
5.74,,,,,,20-21,14-15,11-12,,5-8-13-18,0-1-2-3-4-6-7,,,
5.75,,,,,,20-21,14-15,11-12,,5-8-13-18,0-1-2-3-4-6-7,,,
5.76,,,,,,20-21,14-15,11-12,,5-8-13-18,0-1-2-3-4-6-7,,,
5.77,,,,,,20-21,14-15,11-12,,5-8-13-18,0-1-2-3-4-6-7,,,
5.78,,,,,,20-21,14-15,11-12,,5-8-13-18,0-1-2-3-4-6-7,,,
5.79,,,,,,20-21,14-15,11-12,,5-8-13-18,0-1-2-3-4-6-7,,,
5.8,,,,,,20-21,14-15,11-12,,5-8-13-18,0-1-2-3-4-6-7,,,
5.81,,,,,,20,14-15-21,11-12,,5-8-13-18,0-1-2-3-4-6-7,,,
5.82,,,,,,20,14-15-21,11-12,,5-8-13-18,0-1-2-3-4-6-7,,,
5.83,,,,,,20,14-15-21,11-12,,5-8-13-18,0-1-2-3-4-6-7,,,
5.84,,,,,,20,14-15-21,11-12,,5-8-13-18,0-1-2-3-4-6-7,,,
5.85,,,,,,20,14-15-21,11-12,,5-8-9-13-18,0-1-2-3-4-6-7,,,
5.86,,,,,,20,14-15-21,12,,5-8-9-13-18,0-1-2-3-4-6-7,,,
5.87,,,,,,20,14-15-21,12,,5-8-9-10-13-18,0-1-2-3-4-6-7,,,
5.88,,,,,,20,15-21,12,,5-8-9-10-13-18,0-1-2-3-4-6-7,,,
5.89,,,,,,20,15-21,12,,5-8-9-10-13-18,0-1-2-3-4-6-7,,,
5.9,,,,,,20,15-21,12,,5-8-9-10-13-18,0-1-2-3-4-6-7,,,
5.91,,,,,,20,15-21,12,,5-8-9-10-13-18,0-1-2-3-4-6-7,,,
5.92,,,,,,20,15-21,12,,5-8-9-10-13-18,0-1-2-3-4-6-7,,,
5.93,,,,,,20,15-21,12,,5-8-9-10-13-18,0-1-2-3-4-6-7,,,
5.94,,,,,,20,15-21,12,,5-8-9-10-13-18,0-1-2-3-4-6-7,,,
5.95,,,,,,20,15-21,12,,5-8-9-10-13-18,0-1-2-3-4-6-7,,,
5.96,,,,,,20,15-21,,,5-8-9-10-13-18,0-1-2-3-4-6-7,,,
5.97,,,,,,20,15-21,,,5-8-9-10-13-18,0-1-2-3-4-6-7,,,
5.98,,,,,,,15-20-21,,,5-8-9-10-13-18,0-1-2-3-4-6-7,,,
5.99,,,,,,,15-20-21,,,5-8-9-10-13-18,0-1-2-3-4-6-7,,,
6.0,,,,,,,15-20-21,,,5-8-9-10-13-18,0-1-2-3-4-6-7,,,
6.01,,,,,,,15-20-21,,,5-8-9-10-13-18,0-1-2-3-4-6-7,,,
6.02,,,,,,,15-20-21,,,5-8-9-10-13-18,0-1-2-3-4-6-7,,,
6.03,,,,,,,20-21,,,5-8-9-10-13-18,0-1-2-3-4-6-7,,,
6.04,,,,,,,20-21,,,5-8-9-10-13-18,0-1-2-3-4-6-7,,,
6.05,,,,,,,20-21,,,5-8-9-10-13-18,0-1-2-3-4-6-7,,,
6.06,,,,,,,20-21,,,5-8-9-10-13-18,0-1-2-3-4-6-7,,,
6.07,,,,,,,20-21,,,5-8-9-10-13-18,0-1-2-3-4-6-7,,,
6.08,,,,,,,20-21,,,5-8-9-10-13-18,0-1-2-3-4-6-7,,,
6.09,,,,,,,20-21,,,5-8-9-10-13-18,0-1-2-3-4-6-7,,,
6.1,,,,,,,20-21,,,5-8-9-10-13-18,0-1-2-3-4-6-7,,,
6.11,,,,,,,20-21,,,5-8-9-10-13-18,0-1-2-3-4-6-7,,,
6.12,,,,,,,20-21,,,5-8-9-10-13-18,0-1-2-3-4-6-7,,,
6.13,,,,,,,20-21,,,5-8-9-10-13-18,0-1-2-3-4-6-7,,,
6.14,,,,,,,20-21,,,5-8-9-10-13-18,0-1-2-3-4-6-7,,,
6.15,,,,,,,20-21,,,5-8-9-10-13-18,0-1-2-3-4-6-7,,,
6.16,,,,,,,20-21,,,5-8-9-10-13-18,0-1-2-3-4-6-7,,,
6.17,,,,,,,20-21,,,5-8-9-10-13-18,0-1-2-3-4-6-7,,,
6.18,,,,,,22,20-21,,,5-8-9-10-13-18,0-1-2-3-4-6-7,,,
6.19,,,,,,22,20-21,,,5-8-9-10-13-18,0-1-2-3-4-6-7,,,
6.2,,,,,,22,20-21,,,5-8-9-10-13-18,0-1-2-3-4-6-7,,,
6.21,,,,,,22,20,21,,5-8-9-10-13-18,0-1-2-3-4-6-7,,,
6.22,,,,,,22,20,21,,5-8-9-10-13-18,0-1-2-3-4-6-7,,,
6.23,,,,,,22,20,21,,5-8-9-10-13-18,0-1-2-3-4-6-7,,,
6.24,,,,,,22,20,21,,5-8-9-10-13-18,0-1-2-3-4-6-7,,,
6.25,,,,,,22,20,21,,5-8-9-10-13-18,0-1-2-3-4-6-7,,,
6.26,,,,,,22,20,21,,5-8-9-10-13-18,0-1-2-3-4-6-7,,,
6.27,,,,,,22,20,21,,5-8-9-10-13-18,0-1-2-3-4-6-7,,,
6.28,,,,,,22,20,21,,5-8-9-10-13-18,0-1-2-3-4-6-7,,,
6.29,,,,,,22,20,21,,5-8-9-10-13-18,0-1-2-3-4-6-7,,,
6.3,,,,,,22,20,21,,5-8-9-10-13-18,0-1-2-3-4-6-7,,,
6.31,,,,,,22,20,21,,5-8-9-10-13-18,0-1-2-3-4-6-7,,,
6.32,,,,,,22,20,21,,5-8-9-10-13-18,0-1-2-3-4-6-7,,,
6.33,,,,,,22,20,21,,5-8-9-10-13-18,0-1-2-3-4-6-7,,,
6.34,,,,,,22,20,21,,5-8-9-10-13-18,0-1-2-3-4-6-7,,,
6.35,,,,,,22-23,20,21,,5-8-9-10-13-18,0-1-2-3-4-6-7,,,
6.36,,,,,,22-23,20,21,,5-8-9-10-13-18,0-1-2-3-4-6-7,,,
6.37,,,,,,22-23,20,21,,5-8-9-10-13-18,0-1-2-3-4-6-7,,,
6.38,,,,,,22-23,,20-21,,5-8-9-10-13-18,0-1-2-3-4-6-7,,,
6.39,,,,,,22-23,,20-21,,5-8-9-10-13-18,0-1-2-3-4-6-7,,,
6.4,,,,,,22-23,,20-21,,5-8-9-10-13-18,0-1-2-3-4-6-7,,,
6.41,,,,,,22-23,,20-21,,5-8-9-10-13-18,0-1-2-3-4-6-7,,,
6.42,,,,,,23,22,20-21,,5-8-9-10-13-18,0-1-2-3-4-6-7,,,
6.43,,,,,,23,22,20-21,,5-8-9-10-13-18,0-1-2-3-4-6-7,,,
6.44,,,,,,23,22,20-21,,5-8-9-10-13-18,0-1-2-3-4-6-7,,,
6.45,,,,,,23,22,20-21,,5-8-9-10-12-13-18,0-1-2-3-4-6-7,,,
6.46,,,,,,23,22,20-21,,5-8-9-10-12-13-18,0-1-2-3-4-6-7,,,
6.47,,,,,,23,22,20-21,,5-8-9-10-12-13-18,0-1-2-3-4-6-7,,,
6.48,,,,,,23,22,20-21,,5-8-9-10-12-13-18,0-1-2-3-4-6-7,,,
6.49,,,,,,23,22,20-21,,5-8-9-10-12-13-18,0-1-2-3-4-6-7,,,
6.5,,,,,,23,22,20-21,,5-8-9-10-12-13-18,0-1-2-3-4-6-7,,,
6.51,,,,,,23,22,20-21,,5-8-9-10-12-13-18,0-1-2-3-4-6-7,,,
6.52,,,,,,23,22,20-21,,5-8-9-10-12-13-18,0-1-2-3-4-6-7,,,
6.53,,,,,,23,22,20-21,,5-8-9-10-12-13-18,0-1-2-3-4-6-7,,,
6.54,,,,,,23,22,20-21,,5-8-9-10-12-13-18,0-1-2-3-4-6-7,,,
6.55,,,,,,23,22,20-21,,5-8-9-10-12-13-18,0-1-2-3-4-6-7,,,
6.56,,,,,,23,22,20-21,,5-8-9-10-12-13-18,0-1-2-3-4-6-7,,,
6.57,,,,,,23,22,20-21,,5-8-9-10-12-13-18,0-1-2-3-4-6-7,,,
6.58,,,,,,23,22,20-21,,5-8-9-10-12-13-18,0-1-2-3-4-6-7,,,
6.59,,,,,,,22-23,20,,5-8-9-10-12-13-18,0-1-2-3-4-6-7,,,
6.6,,,,,,,22-23,20,,5-8-9-10-11-12-13-18,0-1-2-3-4-6-7,,,
6.61,,,,,,,22-23,20,,5-8-9-10-11-12-13-18,0-1-2-3-4-6-7,,,
6.62,,,,,,,22-23,20,,5-8-9-10-11-12-13-18,0-1-2-3-4-6-7,,,
6.63,,,,,,,22-23,14-20,,5-8-9-10-11-12-13-18,0-1-2-3-4-6-7,,,
6.64,,,,,,,22-23,14-20,,5-8-9-10-11-12-13-18,0-1-2-3-4-6-7,,,
6.65,,,,,,,22-23,14-20,,5-8-9-10-11-12-13-18,0-1-2-3-4-6-7,,,
6.66,,,,,,,22-23,14-20,,5-8-9-10-11-12-13-18,0-1-2-3-4-6-7,,,
6.67,,,,,,,22-23,14-20,,5-8-9-10-11-12-13-18,0-1-2-3-4-6-7,,,
6.68,,,,,,,16-22-23,14-20,,5-8-9-10-11-12-13-18,0-1-2-3-4-6-7,,,
6.69,,,,,,,16-22-23,14-20,,5-8-9-10-11-12-13-18,0-1-2-3-4-6-7,,,
6.7,,,,,,,16-22-23,14-20,,5-8-9-10-11-12-13-18,0-1-2-3-4-6-7,,,
6.71,,,,,,,16-22-23,14-20,,5-8-9-10-11-12-13-18,0-1-2-3-4-6-7,,,
6.72,,,,,,,16-22-23,14-20,,5-8-9-10-11-12-13-18,0-1-2-3-4-6-7,,,
6.73,,,,,,,16-22-23,14-20,,5-8-9-10-11-12-13-18,0-1-2-3-4-6-7,,,
6.74,,,,,,,16-22-23,14-20,,5-8-9-10-11-12-13-18,0-1-2-3-4-6-7,,,
6.75,,,,,,,16-22-23,14-20,,5-8-9-10-11-12-13-18,0-1-2-3-4-6-7,,,
6.76,,,,,,,16-22-23,14,20,5-8-9-10-11-12-13-18,0-1-2-3-4-6-7,,,
6.77,,,,,,,16-22-23,14,20,5-8-9-10-11-12-13-18,0-1-2-3-4-6-7,,,
6.78,,,,,,,16-22-23,14,20,5-8-9-10-11-12-13-18,0-1-2-3-4-6-7,,,
6.79,,,,,,24,16-22-23,14,20,5-8-9-10-11-12-13-18,0-1-2-3-4-6-7,,,
6.8,,,,,,24,16-22-23,14,20,5-8-9-10-11-12-13-18,0-1-2-3-4-6-7,,,
6.81,,,,,,24,16-22-23,14,20,5-8-9-10-11-12-13-18,0-1-2-3-4-6-7,,,
6.82,,,,,,24,16-23,14-22,20,5-8-9-10-11-12-13-18,0-1-2-3-4-6-7,,,
6.83,,,,,,24,16-23,14-22,20,5-8-9-10-11-12-13-18,0-1-2-3-4-6-7,,,
6.84,,,,,,24,16-23,14-22,20,5-8-9-10-11-12-13-18,0-1-2-3-4-6-7,,,
6.85,,,,,,24,16-23,14-22,20-21,5-8-9-10-11-12-13-18,0-1-2-3-4-6-7,,,
6.86,,,,,,24,16-23,14-22,20-21,5-8-9-10-11-12-13-18,0-1-2-3-4-6-7,,,
6.87,,,,,,24,16-23,14-22,20-21,5-8-9-10-11-12-13-18,0-1-2-3-4-6-7,,,
6.88,,,,,,24,16-23,14-22,20-21,5-8-9-10-11-12-13-18,0-1-2-3-4-6-7,,,
6.89,,,,,,24,16-23,14-22,20-21,5-8-9-10-11-12-13-18,0-1-2-3-4-6-7,,,
6.9,,,,,,24,16-23,14-22,20-21,5-8-9-10-11-12-13-18,0-1-2-3-4-6-7,,,
6.91,,,,,,24,16-23,14-22,20-21,5-8-9-10-11-12-13-18,0-1-2-3-4-6-7,,,
6.92,,,,,,24,16-23,14-22,20-21,5-8-9-10-11-12-13-18,0-1-2-3-4-6-7,,,
6.93,,,,,,24,16-23,14-22,20-21,5-8-9-10-11-12-13-18,0-1-2-3-4-6-7,,,
6.94,,,,,,24,16-23,14-22,20-21,5-8-9-10-11-12-13-18,0-1-2-3-4-6-7,,,
6.95,,,,,,24,16-23,14-22,20-21,5-8-9-10-11-12-13-18,0-1-2-3-4-6-7,,,
6.96,,,,,,24,16-23,14-22,20-21,5-8-9-10-11-12-13-18,0-1-2-3-4-6-7,,,
6.97,,,,,,24,16-23,14-22,20-21,5-8-9-10-11-12-13-18,0-1-2-3-4-6-7,,,
6.98,,,,,,24,16-23,14-22,20-21,5-8-9-10-11-12-13-18,0-1-2-3-4-6-7,,,
6.99,,,,,,24,16,14-22-23,20-21,5-8-9-10-11-12-13-18,0-1-2-3-4-6-7,,,
7.0,,,,,,24,16,14-22-23,20-21,5-8-9-10-11-12-13-18,0-1-2-3-4-6-7,,,
7.01,,,,,,24,16,22-23,20-21,5-8-9-10-11-12-13-18,0-1-2-3-4-6-7,,,
7.02,,,,,,24,16,22-23,20-21,5-8-9-10-11-12-13-18,0-1-2-3-4-6-7,,,
7.03,,,,,,,16-24,15-22-23,20-21,5-8-9-10-11-12-13-18,0-1-2-3-4-6-7,,,
7.04,,,,,,,16-24,15-22-23,20-21,5-8-9-10-11-12-13-18,0-1-2-3-4-6-7,,,
7.05,,,,,,,16-24,15-22-23,20-21,5-8-9-10-11-12-13-18,0-1-2-3-4-6-7,,,
7.06,,,,,,,16-24,15-22-23,20-21,5-8-9-10-11-12-13-18,0-1-2-3-4-6-7,,,
7.07,,,,,,,16-24,15-22-23,20-21,5-8-9-10-11-12-13-18,0-1-2-3-4-6-7,,,
7.08,,,,,,,17-24,15-22-23,20-21,5-8-9-10-11-12-13-18,0-1-2-3-4-6-7,,,
7.09,,,,,,,17-24,15-22-23,20-21,5-8-9-10-11-12-13-18,0-1-2-3-4-6-7,,,
7.1,,,,,,,17-24,15-22-23,20-21,5-8-9-10-11-12-13-18,0-1-2-3-4-6-7,,,
7.11,,,,,,,17-24,15-22-23,21,5-8-9-10-11-12-13-18,0-1-2-3-4-6-7-20,,,
7.12,,,,,,,17-24,15-22-23,21,5-8-9-10-11-12-13-18,0-1-2-3-4-6-7-20,,,
7.13,,,,,,,17-24,15-22-23,21,5-8-9-10-11-12-13-18,0-1-2-3-4-6-7-20,,,
7.14,,,,,,,17-24,15-22-23,21,5-8-9-10-11-12-13-18,0-1-2-3-4-6-7-20,,,
7.15,,,,,,,17-24,15-22-23,21,5-8-9-10-11-12-13-18,0-1-2-3-4-6-7-20,,,
7.16,,,,,,,17-24,15-22-23,21,5-8-9-10-11-12-13-18,0-1-2-3-4-6-7-20,,,
7.17,,,,,,,17-24,15-22-23,21,5-8-9-10-11-12-13-18,0-1-2-3-4-6-7-20,,,
7.18,,,,,,,17-24,15-22-23,21,5-8-9-10-11-12-13-18,0-1-2-3-4-6-7-20,,,
7.19,,,,,,,17-24,15-22-23,21,5-8-9-10-11-12-13-18,0-1-2-3-4-6-7-20,,,
7.2,,,,,,,17-24,15-23,,5-8-9-10-11-12-13-18,0-1-2-3-4-6-7-20-21,,,
7.21,,,,,,,17-24,15-23,,5-8-9-10-11-12-13-18,0-1-2-3-4-6-7-20-21,,,
7.22,,,,,,,17-24,15-23,,5-8-9-10-11-12-13-18,0-1-2-3-4-6-7-20-21,,,
7.23,,,,,,,17-24,15-23,,5-8-9-10-11-12-13-18,0-1-2-3-4-6-7-20-21,,,
7.24,,,,,,,17-24,15-23,,5-8-9-10-11-12-13-18,0-1-2-3-4-6-7-20-21,,,
7.25,,,,,,,17-24,15-23,,5-8-9-10-11-12-13-14-18,0-1-2-3-4-6-7-20-21,,,
7.26,,,,,,,17-24,15-23,,5-8-9-10-11-12-13-14-18,0-1-2-3-4-6-7-20-21,,,
7.27,,,,,,,17-24,15-23,,5-8-9-10-11-12-13-14-18,0-1-2-3-4-6-7-20-21,,,
7.28,,,,,,,17-24,15-23,,5-8-9-10-11-12-13-14-18,0-1-2-3-4-6-7-20-21,,,
7.29,,,,,,,17-24,15-23,,5-8-9-10-11-12-13-14-18,0-1-2-3-4-6-7-20-21,,,
7.3,,,,,,,17-24,15-23,,5-8-9-10-11-12-13-14-18,0-1-2-3-4-6-7-20-21,,,
7.31,,,,,,,17-24,15-23,,5-8-9-10-11-12-13-14-18,0-1-2-3-4-6-7-20-21,,,
7.32,,,,,,,17-24,15-23,,5-8-9-10-11-12-13-14-18,0-1-2-3-4-6-7-20-21,,,
7.33,,,,,,,17-24,15-23,,5-8-9-10-11-12-13-14-18,0-1-2-3-4-6-7-20-21,,,
7.34,,,,,,,17-24,15-23,,5-8-9-10-11-12-13-14-18,0-1-2-3-4-6-7-20-21,,,
7.35,,,,,,,17-24,15-23,,5-8-9-10-11-12-13-14-18,0-1-2-3-4-6-7-20-21,,,
7.36,,,,,,,17-24,15-23,,5-8-9-10-11-12-13-14-18,0-1-2-3-4-6-7-20-21,,,
7.37,,,,,,,17-24,15,,5-8-9-10-11-12-13-14-18,0-1-2-3-4-6-7-20-21,,,
7.38,,,,,,,17-24,15,,5-8-9-10-11-12-13-14-18,0-1-2-3-4-6-7-20-21,,,
7.39,,,,,,,17-24,15,,5-8-9-10-11-12-13-14-18,0-1-2-3-4-6-7-20-21,,,
7.4,,,,,,,17-24,15,,5-8-9-10-11-12-13-14-18,0-1-2-3-4-6-7-20-21,,,
7.41,,,,,,,17-24,,,5-8-9-10-11-12-13-14-18,0-1-2-3-4-6-7-20-21,,,
7.42,,,,,,,17-24,,,5-8-9-10-11-12-13-14-18,0-1-2-3-4-6-7-20-21,,,
7.43,,,,,,,17,,,5-8-9-10-11-12-13-14-18,0-1-2-3-4-6-7-20-21,,,
7.44,,,,,,,17,,,5-8-9-10-11-12-13-14-18,0-1-2-3-4-6-7-20-21,,,
7.45,,,,,,,17,,,5-8-9-10-11-12-13-14-18,0-1-2-3-4-6-7-20-21,,,
7.46,,,,,,,17,,,5-8-9-10-11-12-13-14-18,0-1-2-3-4-6-7-20-21,,,
7.47,,,,,,,17,,,5-8-9-10-11-12-13-14-18,0-1-2-3-4-6-7-20-21,,,
7.48,,,,,,,,,,5-8-9-10-11-12-13-14-18,0-1-2-3-4-6-7-20-21,,,
7.49,,,,,,,,,,5-8-9-10-11-12-13-14-18,0-1-2-3-4-6-7-20-21,,,
7.5,,,,,,,,,,5-8-9-10-11-12-13-14-18,0-1-2-3-4-6-7-20-21,,,
7.51,,,,,,,,,,5-8-9-10-11-12-13-14-18,0-1-2-3-4-6-7-20-21,,,
7.52,,,,,,,,,,5-8-9-10-11-12-13-14-18,0-1-2-3-4-6-7-20-21,,,
7.53,,,,,,,,,,5-8-9-10-11-12-13-14-18,0-1-2-3-4-6-7-20-21,,,
7.54,,,,,,,,,,5-8-9-10-11-12-13-14-18,0-1-2-3-4-6-7-20-21,,,
7.55,,,,,,,,,,5-8-9-10-11-12-13-14-18,0-1-2-3-4-6-7-20-21,,,
7.56,,,,,,,,,,5-8-9-10-11-12-13-14-18,0-1-2-3-4-6-7-20-21,,,
7.57,,,,,,,,,,5-8-9-10-11-12-13-14-18,0-1-2-3-4-6-7-20-21,,,
7.58,,,,,,,,16,,5-8-9-10-11-12-13-14-18,0-1-2-3-4-6-7-20-21,,,
7.59,,,,,,,,16,,5-8-9-10-11-12-13-14-18,0-1-2-3-4-6-7-20-21,,,
7.6,,,,,,,,16,,5-8-9-10-11-12-13-14-18,0-1-2-3-4-6-7-20-21,,,
7.61,,,,,,,,16,,5-8-9-10-11-12-13-14-18,0-1-2-3-4-6-7-20-21,,,
7.62,,,,,,,,16,,5-8-9-10-11-12-13-14-18,0-1-2-3-4-6-7-20-21,,,
7.63,,,,,,,,16,,5-8-9-10-11-12-13-14-18,0-1-2-3-4-6-7-20-21,,,
7.64,,,,,,,,16,,5-8-9-10-11-12-13-14-18,0-1-2-3-4-6-7-20-21,,,
7.65,,,,,,,,16,,5-8-9-10-11-12-13-14-18,0-1-2-3-4-6-7-20-21,,,
7.66,,,,,,,,16,,5-8-9-10-11-12-13-14-18,0-1-2-3-4-6-7-20-21,,,
7.67,,,,,,,,16,,5-8-9-10-11-12-13-14-18,0-1-2-3-4-6-7-20-21,,,
7.68,,,,,,,,16,,5-8-9-10-11-12-13-14-18,0-1-2-3-4-6-7-20-21,,,
7.69,,,,,,,,16,,5-8-9-10-11-12-13-14-18,0-1-2-3-4-6-7-20-21,,,
7.7,,,,,,,,16,,5-8-9-10-11-12-13-14-18,0-1-2-3-4-6-7-20-21,,,
7.71,,,,,,,,16,,5-8-9-10-11-12-13-14-18,0-1-2-3-4-6-7-20-21,,,
7.72,,,,,,,,16,,5-8-9-10-11-12-13-14-18,0-1-2-3-4-6-7-20-21,,,
7.73,,,,,,,,16,,5-8-9-10-11-12-13-14-18,0-1-2-3-4-6-7-20-21,,,
7.74,,,,,,,,16,,5-8-9-10-11-12-13-14-18,0-1-2-3-4-6-7-20-21,,,
7.75,,,,,,,,16,,5-8-9-10-11-12-13-14-18,0-1-2-3-4-6-7-20-21,,,
7.76,,,,,,,,16,,5-8-9-10-11-12-13-14-18,0-1-2-3-4-6-7-20-21,,,
7.77,,,,,,,,16,,5-8-9-10-11-12-13-14-18,0-1-2-3-4-6-7-20-21,,,
7.78,,,,,,,,16,,5-8-9-10-11-12-13-14-18,0-1-2-3-4-6-7-20-21,,,
7.79,,,,,,,,16,,5-8-9-10-11-12-13-14-18,0-1-2-3-4-6-7-20-21,,,
7.8,,,,,,,,16,,5-8-9-10-11-12-13-14-18,0-1-2-3-4-6-7-20-21,,,
7.81,,,,,,,,16,,5-8-9-10-11-12-13-14-18,0-1-2-3-4-6-7-20-21,,,
7.82,,,,,,,,16,,5-8-9-10-11-12-13-14-18,0-1-2-3-4-6-7-20-21,,,
7.83,,,,,,,,16-17,,5-8-9-10-11-12-13-14-18,0-1-2-3-4-6-7-20-21,,,
7.84,,,,,,,,16-17,,5-8-9-10-11-12-13-14-18,0-1-2-3-4-6-7-20-21,,,
7.85,,,,,,,,16-17,,5-8-9-10-11-12-13-14-18,0-1-2-3-4-6-7-20-21,,,
7.86,,,,,,,,16-17,,5-8-9-10-11-12-13-14-18,0-1-2-3-4-6-7-20-21,,,
7.87,,,,,,,,16-17,,5-8-9-10-11-12-13-14-18,0-1-2-3-4-6-7-20-21,,,
7.88,,,,,,,,16-17,,5-8-9-10-11-12-13-14-18,0-1-2-3-4-6-7-20-21,,,
7.89,,,,,,,,16-17,,5-8-9-10-11-12-13-14-18,0-1-2-3-4-6-7-20-21,,,
7.9,,,,,,,,16-17,,5-8-9-10-11-12-13-14-18,0-1-2-3-4-6-7-20-21,,,
7.91,,,,,,,,16-17,,5-8-9-10-11-12-13-14-18,0-1-2-3-4-6-7-20-21,,,
7.92,,,,,,,,16-17,,5-8-9-10-11-12-13-14-18,0-1-2-3-4-6-7-20-21,,,
7.93,,,,,,,,16-17,,5-8-9-10-11-12-13-14-18,0-1-2-3-4-6-7-20-21,,,
7.94,,,,,,,,16-17,,5-8-9-10-11-12-13-14-18,0-1-2-3-4-6-7-20-21,,,
7.95,,,,,,,,16-17,,5-8-9-10-11-12-13-14-18,0-1-2-3-4-6-7-20-21,,,
7.96,,,,,,,,17,,5-8-9-10-11-12-13-14-18,0-1-2-3-4-6-7-20-21,,,
7.97,,,,,,,,17,,5-8-9-10-11-12-13-14-18,0-1-2-3-4-6-7-20-21,,,
7.98,,,,,,,,17,,5-8-9-10-11-12-13-14-18,0-1-2-3-4-6-7-20-21,,,
7.99,,,,,,,,17,,5-8-9-10-11-12-13-14-18,0-1-2-3-4-6-7-20-21,,,
8.0,,,,,,,,17,,5-8-9-10-11-12-13-14-18,0-1-2-3-4-6-7-20-21,,,
8.01,,,,,,,,17,,5-8-9-10-11-12-13-14-18,0-1-2-3-4-6-7-20-21,,,
8.02,,,,,,,,17,,5-8-9-10-11-12-13-14-18,0-1-2-3-4-6-7-20-21,,,
8.03,,,,,,,,17,,5-8-9-10-11-12-13-14-18,0-1-2-3-4-6-7-20-21,,,
8.04,,,,,,,,17,,5-8-9-10-11-12-13-14-18,0-1-2-3-4-6-7-20-21,,,
8.05,,,,,,,,17,,5-8-9-10-11-12-13-14-18,0-1-2-3-4-6-7-20-21,,,
8.06,,,,,,,,17,,5-8-9-10-11-12-13-14-18,0-1-2-3-4-6-7-20-21,,,
8.07,,,,,,,,17,,5-8-9-10-11-12-13-14-18,0-1-2-3-4-6-7-20-21,,,
8.08,,,,,,,,17,,5-8-9-10-11-12-13-14-18,0-1-2-3-4-6-7-20-21,,,
8.09,,,,,,,,17,,5-8-9-10-11-12-13-14-18,0-1-2-3-4-6-7-20-21,,,
8.1,,,,,,,,17,,5-8-9-10-11-12-13-14-18,0-1-2-3-4-6-7-20-21,,,
8.11,,,,,,,,17,,5-8-9-10-11-12-13-14-18,0-1-2-3-4-6-7-20-21,,,
8.12,,,,,,,,17,,5-8-9-10-11-12-13-14-18,0-1-2-3-4-6-7-20-21,,,
8.13,,,,,,,19,17,,5-8-9-10-11-12-13-14-18,0-1-2-3-4-6-7-20-21,,,
8.14,,,,,,,19,17,,5-8-9-10-11-12-13-14-18,0-1-2-3-4-6-7-20-21,,,
8.15,,,,,,,19,17,,5-8-9-10-11-12-13-14-18,0-1-2-3-4-6-7-20-21,,,
8.16,,,,,,,19,17,,5-8-9-10-11-12-13-14-18,0-1-2-3-4-6-7-20-21,,,
8.17,,,,,,,19,17,,5-8-9-10-11-12-13-14-18,0-1-2-3-4-6-7-20-21,,,
8.18,,,,,,,19,17,,5-8-9-10-11-12-13-14-18,0-1-2-3-4-6-7-20-21,,,
8.19,,,,,,,19,17,,5-8-9-10-11-12-13-14-18,0-1-2-3-4-6-7-20-21,,,
8.2,,,,,,,19,17,,5-8-9-10-11-12-13-14-18,0-1-2-3-4-6-7-20-21,,,
8.21,,,,,,,19,,,5-8-9-10-11-12-13-14-18,0-1-2-3-4-6-7-20-21,,,
8.22,,,,,,,19,,,5-8-9-10-11-12-13-14-18,0-1-2-3-4-6-7-20-21,,,
8.23,,,,,,,19,,,5-8-9-10-11-12-13-14-18,0-1-2-3-4-6-7-20-21,,,
8.24,,,,,,,19,,,5-8-9-10-11-12-13-14-18,0-1-2-3-4-6-7-20-21,,,
8.25,,,,,,,19,,,5-8-9-10-11-12-13-14-18,0-1-2-3-4-6-7-20-21,,,
8.26,,,,,,,19,,,5-8-9-10-11-12-13-14-18,0-1-2-3-4-6-7-20-21,,,
8.27,,,,,,,19,,,5-8-9-10-11-12-13-14-18,0-1-2-3-4-6-7-20-21,,,
8.28,,,,,,,19,,,5-8-9-10-11-12-13-14-18,0-1-2-3-4-6-7-20-21,,,
8.29,,,,,,,19,,,5-8-9-10-11-12-13-14-18,0-1-2-3-4-6-7-20-21,,,
8.3,,,,,,,19,,,5-8-9-10-11-12-13-14-18,0-1-2-3-4-6-7-20-21,,,
8.31,,,,,,,19,,,5-8-9-10-11-12-13-14-18,0-1-2-3-4-6-7-20-21,,,
8.32,,,,,,,19,,,5-8-9-10-11-12-13-14-18,0-1-2-3-4-6-7-20-21,,,
8.33,,,,,,,19,,,5-8-9-10-11-12-13-14-18,0-1-2-3-4-6-7-20-21,,,
8.34,,,,,,,19,,,5-8-9-10-11-12-13-14-18,0-1-2-3-4-6-7-20-21,,,
8.35,,,,,,,19,,,5-8-9-10-11-12-13-14-18,0-1-2-3-4-6-7-20-21,,,
8.36,,,,,,,19,,,5-8-9-10-11-12-13-14-18,0-1-2-3-4-6-7-20-21,,,
8.37,,,,,,,19,,,5-8-9-10-11-12-13-14-18,0-1-2-3-4-6-7-20-21,,,
8.38,,,,,,,19,,,5-8-9-10-11-12-13-14-18,0-1-2-3-4-6-7-20-21,,,
8.39,,,,,,,19,,,5-8-9-10-11-12-13-14-18,0-1-2-3-4-6-7-20-21,,,
8.4,,,,,,,19,,,5-8-9-10-11-12-13-14-18,0-1-2-3-4-6-7-20-21,,,
8.41,,,,,,,19,,,5-8-9-10-11-12-13-14-18,0-1-2-3-4-6-7-20-21,,,
8.42,,,,,,,19,,,5-8-9-10-11-12-13-14-18,0-1-2-3-4-6-7-20-21,,,
8.43,,,,,,25,19,,,5-8-9-10-11-12-13-14-18,0-1-2-3-4-6-7-20-21,,,
8.44,,,,,,25,19,,,5-8-9-10-11-12-13-14-18,0-1-2-3-4-6-7-20-21,,,
8.45,,,,,,25,19,,,5-8-9-10-11-12-13-14-18,0-1-2-3-4-6-7-20-21,,,
8.46,,,,,,25,19,,,5-8-9-10-11-12-13-14-18,0-1-2-3-4-6-7-20-21,,,
8.47,,,,,,25,19,,,5-8-9-10-11-12-13-14-18,0-1-2-3-4-6-7-20-21,,,
8.48,,,,,,25,19,,,5-8-9-10-11-12-13-14-18,0-1-2-3-4-6-7-20-21,,,
8.49,,,,,,25,19,,,5-8-9-10-11-12-13-14-18,0-1-2-3-4-6-7-20-21,,,
8.5,,,,,,25,19,,,5-8-9-10-11-12-13-14-18,0-1-2-3-4-6-7-20-21,,,
8.51,,,,,,25,19,,,5-8-9-10-11-12-13-14-18,0-1-2-3-4-6-7-20-21,,,
8.52,,,,,,25,19,,,5-8-9-10-11-12-13-14-18,0-1-2-3-4-6-7-20-21,,,
8.53,,,,,,25,,,,5-8-9-10-11-12-13-14-18,0-1-2-3-4-6-7-20-21,,,
8.54,,,,,,25,,,,5-8-9-10-11-12-13-14-18,0-1-2-3-4-6-7-20-21,,,
8.55,,,,,,25,,,,5-8-9-10-11-12-13-14-18,0-1-2-3-4-6-7-20-21,,,
8.56,,,,,,25,,,,5-8-9-10-11-12-13-14-18,0-1-2-3-4-6-7-20-21,,,
8.57,,,,,,25,,,,5-8-9-10-11-12-13-14-18,0-1-2-3-4-6-7-20-21,,,
8.58,,,,,,25,,24,,5-8-9-10-11-12-13-14-18,0-1-2-3-4-6-7-20-21,,,
8.59,,,,,,25,,24,,5-8-9-10-11-12-13-14-18-22,0-1-2-3-4-6-7-20-21,,,
8.6,,,,,,25,,24,,5-8-9-10-11-12-13-14-18-22,0-1-2-3-4-6-7-20-21,,,
8.61,,,,,,25,,24,,5-8-9-10-11-12-13-14-18-22,0-1-2-3-4-6-7-20-21,,,
8.62,,,,,,25,,24,,5-8-9-10-11-12-13-14-18-22,0-1-2-3-4-6-7-20-21,,,
8.63,,,,,,25,,24,,5-8-9-10-11-12-13-14-18-22,0-1-2-3-4-6-7-20-21,,,
8.64,,,,,,25,,24,,5-8-9-10-11-12-13-14-18-22,0-1-2-3-4-6-7-20-21,,,
8.65,,,,,,25,,24,,5-8-9-10-11-12-13-14-18-22,0-1-2-3-4-6-7-20-21,,,
8.66,,,,,,25,,24,,5-8-9-10-11-12-13-14-18-22,0-1-2-3-4-6-7-20-21,,,
8.67,,,,,,,25,24,,5-8-9-10-11-12-13-14-18-22,0-1-2-3-4-6-7-20-21,,,
8.68,,,,,,,25,24,,5-8-9-10-11-12-13-14-18-22,0-1-2-3-4-6-7-20-21,,,
8.69,,,,,,,25,24,,5-8-9-10-11-12-13-14-18-22,0-1-2-3-4-6-7-20-21,,,
8.7,,,,,,,25,24,,5-8-9-10-11-12-13-14-18-22,0-1-2-3-4-6-7-20-21,,,
8.71,,,,,,,25,24,,5-8-9-10-11-12-13-14-18-22,0-1-2-3-4-6-7-20-21,,,
8.72,,,,,,,25,24,,5-8-9-10-11-12-13-14-18-22,0-1-2-3-4-6-7-20-21,,,
8.73,,,,,,,25,24,,5-8-9-10-11-12-13-14-18-22,0-1-2-3-4-6-7-20-21,,,
8.74,,,,,,,25,24,,5-8-9-10-11-12-13-14-18-22,0-1-2-3-4-6-7-20-21,,,
8.75,,,,,,,25,24,,5-8-9-10-11-12-13-14-18-22,0-1-2-3-4-6-7-20-21,,,
8.76,,,,,,,25,24,,5-8-9-10-11-12-13-14-18-22-23,0-1-2-3-4-6-7-20-21,,,
8.77,,,,,,,25,24,,5-8-9-10-11-12-13-14-18-22-23,0-1-2-3-4-6-7-20-21,,,
8.78,,,,,,,25,19-24,,5-8-9-10-11-12-13-14-18-22-23,0-1-2-3-4-6-7-20-21,,,
8.79,,,,,,,25,19-24,,5-8-9-10-11-12-13-14-18-22-23,0-1-2-3-4-6-7-20-21,,,
8.8,,,,,,,25,19-24,,5-8-9-10-11-12-13-14-18-22-23,0-1-2-3-4-6-7-20-21,,,
8.81,,,,,,,25,19-24,,5-8-9-10-11-12-13-14-18-22-23,0-1-2-3-4-6-7-20-21,,,
8.82,,,,,,,25,19-24,,5-8-9-10-11-12-13-14-15-18-22-23,0-1-2-3-4-6-7-20-21,,,
8.83,,,,,,,25,19-24,,5-8-9-10-11-12-13-14-15-18-22-23,0-1-2-3-4-6-7-20-21,,,
8.84,,,,,,,25,19-24,,5-8-9-10-11-12-13-14-15-18-22-23,0-1-2-3-4-6-7-20-21,,,
8.85,,,,,,,25,19-24,,5-8-9-10-11-12-13-14-15-18-22-23,0-1-2-3-4-6-7-20-21,,,
8.86,,,,,,,25,19-24,,5-8-9-10-11-12-13-14-15-18-22-23,0-1-2-3-4-6-7-20-21,,,
8.87,,,,,,26,25,19-24,,5-8-9-10-11-12-13-14-15-18-22-23,0-1-2-3-4-6-7-20-21,,,
8.88,,,,,,26,25,19-24,,5-8-9-10-11-12-13-14-15-18-22-23,0-1-2-3-4-6-7-20-21,,,
8.89,,,,,,26,25,19-24,,5-8-9-10-11-12-13-14-15-18-22-23,0-1-2-3-4-6-7-20-21,,,
8.9,,,,,,26,25,19-24,,5-8-9-10-11-12-13-14-15-18-22-23,0-1-2-3-4-6-7-20-21,,,
8.91,,,,,,26,25,19-24,,5-8-9-10-11-12-13-14-15-18-22-23,0-1-2-3-4-6-7-20-21,,,
8.92,,,,,,26,25,19-24,,5-8-9-10-11-12-13-14-15-18-22-23,0-1-2-3-4-6-7-20-21,,,
8.93,,,,,,26,25,19-24,,5-8-9-10-11-12-13-14-15-18-22-23,0-1-2-3-4-6-7-20-21,,,
8.94,,,,,,26,25,19-24,,5-8-9-10-11-12-13-14-15-18-22-23,0-1-2-3-4-6-7-20-21,,,
8.95,,,,,,26,25,19-24,,5-8-9-10-11-12-13-14-15-18-22-23,0-1-2-3-4-6-7-20-21,,,
8.96,,,,,,26,25,19,,5-8-9-10-11-12-13-14-15-18-22-23,0-1-2-3-4-6-7-20-21,,,
8.97,,,,,,26,25,19,,5-8-9-10-11-12-13-14-15-18-22-23,0-1-2-3-4-6-7-20-21,,,
8.98,,,,,,26,25-28,19,,5-8-9-10-11-12-13-14-15-18-22-23,0-1-2-3-4-6-7-20-21,,,
8.99,,,,,,26,25-28,19,,5-8-9-10-11-12-13-14-15-16-18-22-23,0-1-2-3-4-6-7-20-21,,,
9.0,,,,,,26,25-28,19,,5-8-9-10-11-12-13-14-15-16-18-22-23,0-1-2-3-4-6-7-20-21,,,
9.01,,,,,,26,25-28,19,,5-8-9-10-11-12-13-14-15-16-18-22-23,0-1-2-3-4-6-7-20-21,,,
9.02,,,,,,26,25-28,19,,5-8-9-10-11-12-13-14-15-16-18-22-23,0-1-2-3-4-6-7-20-21,,,
9.03,,,,,,26,25-28,19,,5-8-9-10-11-12-13-14-15-16-18-22-23,0-1-2-3-4-6-7-20-21,,,
9.04,,,,,,26-27,25-28,19,,5-8-9-10-11-12-13-14-15-16-18-22-23,0-1-2-3-4-6-7-20-21,,,
9.05,,,,,,26-27,25-28,19,,5-8-9-10-11-12-13-14-15-16-18-22-23,0-1-2-3-4-6-7-20-21,,,
9.06,,,,,,26-27,25-28,19,,5-8-9-10-11-12-13-14-15-16-17-18-22-23,0-1-2-3-4-6-7-20-21,,,
9.07,,,,,,26-27,28,19-25,,5-8-9-10-11-12-13-14-15-16-17-18-22-23,0-1-2-3-4-6-7-20-21,,,
9.08,,,,,,26-27,28,19-25,,5-8-9-10-11-12-13-14-15-16-17-18-22-23,0-1-2-3-4-6-7-20-21,,,
9.09,,,,,,26-27,28,19-25,,5-8-9-10-11-12-13-14-15-16-17-18-22-23,0-1-2-3-4-6-7-20-21,,,
9.1,,,,,,26-27,28,19-25,,5-8-9-10-11-12-13-14-15-16-17-18-22-23,0-1-2-3-4-6-7-20-21,,,
9.11,,,,,,27,26-28,19-25,,5-8-9-10-11-12-13-14-15-16-17-18-22-23,0-1-2-3-4-6-7-20-21,,,
9.12,,,,,,27,26-28,19-25,,5-8-9-10-11-12-13-14-15-16-17-18-22-23,0-1-2-3-4-6-7-20-21,,,
9.13,,,,,,27,26-28,19-25,,5-8-9-10-11-12-13-14-15-16-17-18-22-23,0-1-2-3-4-6-7-20-21,,,
9.14,,,,,,27,26-28,19-25,,5-8-9-10-11-12-13-14-15-16-17-18-22-23,0-1-2-3-4-6-7-20-21,,,
9.15,,,,,,27,26-28,19-25,,5-8-9-10-11-12-13-14-15-16-17-18-22-23,0-1-2-3-4-6-7-20-21,,,
9.16,,,,,,27,26-28,25,,5-8-9-10-11-12-13-14-15-16-17-18-22-23,0-1-2-3-4-6-7-20-21,,,
9.17,,,,,,27,26-28,25,,5-8-9-10-11-12-13-14-15-16-17-18-22-23,0-1-2-3-4-6-7-20-21,,,
9.18,,,,,,27,26-28,25,,5-8-9-10-11-12-13-14-15-16-17-18-22-23,0-1-2-3-4-6-7-20-21,,,
9.19,,,,,,27,26-28,25,,5-8-9-10-11-12-13-14-15-16-17-18-22-23,0-1-2-3-4-6-7-20-21,,,
9.2,,,,,,27,26-28,25,,5-8-9-10-11-12-13-14-15-16-17-18-22-23,0-1-2-3-4-6-7-20-21,,,
9.21,,,,,,27,26-28,25,,5-8-9-10-11-12-13-14-15-16-17-18-22-23,0-1-2-3-4-6-7-20-21,,,
9.22,,,,,,27,26-28,25,,5-8-9-10-11-12-13-14-15-16-17-18-22-23,0-1-2-3-4-6-7-20-21,,,
9.23,,,,,,27,26-28,25,24,5-8-9-10-11-12-13-14-15-16-17-18-22-23,0-1-2-3-4-6-7-20-21,,,
9.24,,,,,,27,26-28,25,24,5-8-9-10-11-12-13-14-15-16-17-18-22-23,0-1-2-3-4-6-7-20-21,,,
9.25,,,,,,27,26-28,25,24,5-8-9-10-11-12-13-14-15-16-17-18-22-23,0-1-2-3-4-6-7-20-21,,,
9.26,,,,,,27,26-28,25,24,5-8-9-10-11-12-13-14-15-16-17-18-22-23,0-1-2-3-4-6-7-20-21,,,
9.27,,,,,,27,26-28,25,24,5-8-9-10-11-12-13-14-15-16-17-18-22-23,0-1-2-3-4-6-7-20-21,,,
9.28,,,,,,,26-27-28,25,24,5-8-9-10-11-12-13-14-15-16-17-18-22-23,0-1-2-3-4-6-7-20-21,,,
9.29,,,,,,,26-27-28,25,24,5-8-9-10-11-12-13-14-15-16-17-18-22-23,0-1-2-3-4-6-7-20-21,,,
9.3,,,,,,,26-27-28,25,24,5-8-9-10-11-12-13-14-15-16-17-18-22-23,0-1-2-3-4-6-7-20-21,,,
9.31,,,,,,,26-27-28,25,24,5-8-9-10-11-12-13-14-15-16-17-18-22-23,0-1-2-3-4-6-7-20-21,,,
9.32,,,,,,,26-27-28,25,24,5-8-9-10-11-12-13-14-15-16-17-18-22-23,0-1-2-3-4-6-7-20-21,,,
9.33,,,,,,,26-27-28,25,24,5-8-9-10-11-12-13-14-15-16-17-18-22-23,0-1-2-3-4-6-7-20-21,,,
9.34,,,,,,,26-27-28,25,24,5-8-9-10-11-12-13-14-15-16-17-18-22-23,0-1-2-3-4-6-7-20-21,,,
9.35,,,,,,,26-27-28,25,24,5-8-9-10-11-12-13-14-15-16-17-18-22-23,0-1-2-3-4-6-7-20-21,,,
9.36,,,,,,,26-27-28,25,24,5-8-9-10-11-12-13-14-15-16-17-18-22-23,0-1-2-3-4-6-7-20-21,,,
9.37,,,,,,,26-27-28,25,24,5-8-9-10-11-12-13-14-15-16-17-18-22-23,0-1-2-3-4-6-7-20-21,,,
9.38,,,,,,,26-27,25-28,24,5-8-9-10-11-12-13-14-15-16-17-18-22-23,0-1-2-3-4-6-7-20-21,,,
9.39,,,,,,,26-27,25-28,24,5-8-9-10-11-12-13-14-15-16-17-18-22-23,0-1-2-3-4-6-7-20-21,,,
9.4,,,,,,,26-27,25-28,24,5-8-9-10-11-12-13-14-15-16-17-18-19-22-23,0-1-2-3-4-6-7-20-21,,,
9.41,,,,,,,26-27,25-28,24,5-8-9-10-11-12-13-14-15-16-17-18-19-22-23,0-1-2-3-4-6-7-20-21,,,
9.42,,,,,,,26-27,25-28,24,5-8-9-10-11-12-13-14-15-16-17-18-19-22-23,0-1-2-3-4-6-7-20-21,,,
9.43,,,,,,,26-27,25-28,24,5-8-9-10-11-12-13-14-15-16-17-18-19-22-23,0-1-2-3-4-6-7-20-21,,,
9.44,,,,,,,26-27,25-28,24,5-8-9-10-11-12-13-14-15-16-17-18-19-22-23,0-1-2-3-4-6-7-20-21,,,
9.45,,,,,,,26-27,28,24-25,5-8-9-10-11-12-13-14-15-16-17-18-19-22-23,0-1-2-3-4-6-7-20-21,,,
9.46,,,,,,,26-27,28,24-25,5-8-9-10-11-12-13-14-15-16-17-18-19-22-23,0-1-2-3-4-6-7-20-21,,,
9.47,,,,,,,26-27,28,24-25,5-8-9-10-11-12-13-14-15-16-17-18-19-22-23,0-1-2-3-4-6-7-20-21,,,
9.48,,,,,,,26-27,28,24-25,5-8-9-10-11-12-13-14-15-16-17-18-19-22-23,0-1-2-3-4-6-7-20-21,,,
9.49,,,,,,,26-27,28,24-25,5-8-9-10-11-12-13-14-15-16-17-18-19-22-23,0-1-2-3-4-6-7-20-21,,,
9.5,,,,,,,26-27,28,24-25,5-8-9-10-11-12-13-14-15-16-17-18-19-22-23,0-1-2-3-4-6-7-20-21,,,
9.51,,,,,,,27,26-28,24-25,5-8-9-10-11-12-13-14-15-16-17-18-19-22-23,0-1-2-3-4-6-7-20-21,,,
9.52,,,,,,,27,26-28,24-25,5-8-9-10-11-12-13-14-15-16-17-18-19-22-23,0-1-2-3-4-6-7-20-21,,,
9.53,,,,,,,27,26-28,24-25,5-8-9-10-11-12-13-14-15-16-17-18-19-22-23,0-1-2-3-4-6-7-20-21,,,
9.54,,,,,,,27,26-28,24-25,5-8-9-10-11-12-13-14-15-16-17-18-19-22-23,0-1-2-3-4-6-7-20-21,,,
9.55,,,,,,,27,26-28,24-25,5-8-9-10-11-12-13-14-15-16-17-18-19-22-23,0-1-2-3-4-6-7-20-21,,,
9.56,,,,,,,27,26-28,24-25,5-8-9-10-11-12-13-14-15-16-17-18-19-22-23,0-1-2-3-4-6-7-20-21,,,
9.57,,,,,,,27,26-28,24-25,5-8-9-10-11-12-13-14-15-16-17-18-19-22-23,0-1-2-3-4-6-7-20-21,,,
9.58,,,,,,,27,26-28,25,5-8-9-10-11-12-13-14-15-16-17-18-19-22-23,0-1-2-3-4-6-7-20-21-24,,,
9.59,,,,,,,27,26-28,25,5-8-9-10-11-12-13-14-15-16-17-18-19-22-23,0-1-2-3-4-6-7-20-21-24,,,
9.6,,,,,,,27,26-28,25,5-8-9-10-11-12-13-14-15-16-17-18-19-22-23,0-1-2-3-4-6-7-20-21-24,,,
9.61,,,,,,,27,26-28,25,5-8-9-10-11-12-13-14-15-16-17-18-19-22-23,0-1-2-3-4-6-7-20-21-24,,,
9.62,,,,,,,27,26-28,25,5-8-9-10-11-12-13-14-15-16-17-18-19-22-23,0-1-2-3-4-6-7-20-21-24,,,
9.63,,,,,,,27,26-28,25,5-8-9-10-11-12-13-14-15-16-17-18-19-22-23,0-1-2-3-4-6-7-20-21-24,,,
9.64,,,,,,,27,26-28,25,5-8-9-10-11-12-13-14-15-16-17-18-19-22-23,0-1-2-3-4-6-7-20-21-24,,,
9.65,,,,,,,27,26-28,25,5-8-9-10-11-12-13-14-15-16-17-18-19-22-23,0-1-2-3-4-6-7-20-21-24,,,
9.66,,,,,,,27,26-28,25,5-8-9-10-11-12-13-14-15-16-17-18-19-22-23,0-1-2-3-4-6-7-20-21-24,,,
9.67,,,,,,,27,26-28,25,5-8-9-10-11-12-13-14-15-16-17-18-19-22-23,0-1-2-3-4-6-7-20-21-24,,,
9.68,,,,,,,,26-27-28,25,5-8-9-10-11-12-13-14-15-16-17-18-19-22-23,0-1-2-3-4-6-7-20-21-24,,,
9.69,,,,,,,,26-27-28,25,5-8-9-10-11-12-13-14-15-16-17-18-19-22-23,0-1-2-3-4-6-7-20-21-24,,,
9.7,,,,,,,,26-27-28,25,5-8-9-10-11-12-13-14-15-16-17-18-19-22-23,0-1-2-3-4-6-7-20-21-24,,,
9.71,,,,,,,,26-27-28,25,5-8-9-10-11-12-13-14-15-16-17-18-19-22-23,0-1-2-3-4-6-7-20-21-24,,,
9.72,,,,,,,,26-27-28,25,5-8-9-10-11-12-13-14-15-16-17-18-19-22-23,0-1-2-3-4-6-7-20-21-24,,,
9.73,,,,,,,,26-27-28,25,5-8-9-10-11-12-13-14-15-16-17-18-19-22-23,0-1-2-3-4-6-7-20-21-24,,,
9.74,,,,,,,,26-27-28,25,5-8-9-10-11-12-13-14-15-16-17-18-19-22-23,0-1-2-3-4-6-7-20-21-24,,,
9.75,,,,,,,,26-27-28,25,5-8-9-10-11-12-13-14-15-16-17-18-19-22-23,0-1-2-3-4-6-7-20-21-24,,,
9.76,,,,,,,,26-27,25-28,5-8-9-10-11-12-13-14-15-16-17-18-19-22-23,0-1-2-3-4-6-7-20-21-24,,,
9.77,,,,,,,,26-27,25-28,5-8-9-10-11-12-13-14-15-16-17-18-19-22-23,0-1-2-3-4-6-7-20-21-24,,,
9.78,,,,,,,,26-27,25-28,5-8-9-10-11-12-13-14-15-16-17-18-19-22-23,0-1-2-3-4-6-7-20-21-24,,,
9.79,,,,,,,,26-27,25-28,5-8-9-10-11-12-13-14-15-16-17-18-19-22-23,0-1-2-3-4-6-7-20-21-24,,,
9.8,,,,,,,,26-27,28,5-8-9-10-11-12-13-14-15-16-17-18-19-22-23,0-1-2-3-4-6-7-20-21-24-25,,,
9.81,,,,,,,,26-27,28,5-8-9-10-11-12-13-14-15-16-17-18-19-22-23,0-1-2-3-4-6-7-20-21-24-25,,,
9.82,,,,,,,,26-27,28,5-8-9-10-11-12-13-14-15-16-17-18-19-22-23,0-1-2-3-4-6-7-20-21-24-25,,,
9.83,,,,,,,,26-27,28,5-8-9-10-11-12-13-14-15-16-17-18-19-22-23,0-1-2-3-4-6-7-20-21-24-25,,,
9.84,,,,,,,,26-27,28,5-8-9-10-11-12-13-14-15-16-17-18-19-22-23,0-1-2-3-4-6-7-20-21-24-25,,,
9.85,,,,,,,,26-27,28,5-8-9-10-11-12-13-14-15-16-17-18-19-22-23,0-1-2-3-4-6-7-20-21-24-25,,,
9.86,,,,,,,,26-27,28,5-8-9-10-11-12-13-14-15-16-17-18-19-22-23,0-1-2-3-4-6-7-20-21-24-25,,,
9.87,,,,,,,,26-27,28,5-8-9-10-11-12-13-14-15-16-17-18-19-22-23,0-1-2-3-4-6-7-20-21-24-25,,,
9.88,,,,,,,,26-27,28,5-8-9-10-11-12-13-14-15-16-17-18-19-22-23,0-1-2-3-4-6-7-20-21-24-25,,,
9.89,,,,,,,,27,26-28,5-8-9-10-11-12-13-14-15-16-17-18-19-22-23,0-1-2-3-4-6-7-20-21-24-25,,,
9.9,,,,,,,,27,26-28,5-8-9-10-11-12-13-14-15-16-17-18-19-22-23,0-1-2-3-4-6-7-20-21-24-25,,,
9.91,,,,,,,,27,26-28,5-8-9-10-11-12-13-14-15-16-17-18-19-22-23,0-1-2-3-4-6-7-20-21-24-25,,,
9.92,,,,,,,,27,26-28,5-8-9-10-11-12-13-14-15-16-17-18-19-22-23,0-1-2-3-4-6-7-20-21-24-25,,,
9.93,,,,,,,,27,26-28,5-8-9-10-11-12-13-14-15-16-17-18-19-22-23,0-1-2-3-4-6-7-20-21-24-25,,,
9.94,,,,,,,,27,26-28,5-8-9-10-11-12-13-14-15-16-17-18-19-22-23,0-1-2-3-4-6-7-20-21-24-25,,,
9.95,,,,,,,,27,26-28,5-8-9-10-11-12-13-14-15-16-17-18-19-22-23,0-1-2-3-4-6-7-20-21-24-25,,,
9.96,,,,,,,,27,26-28,5-8-9-10-11-12-13-14-15-16-17-18-19-22-23,0-1-2-3-4-6-7-20-21-24-25,,,
9.97,,,,,,,,27,26-28,5-8-9-10-11-12-13-14-15-16-17-18-19-22-23,0-1-2-3-4-6-7-20-21-24-25,,,
9.98,,,,,,,,27,26-28,5-8-9-10-11-12-13-14-15-16-17-18-19-22-23,0-1-2-3-4-6-7-20-21-24-25,,,
9.99,,,,,,,,27,26-28,5-8-9-10-11-12-13-14-15-16-17-18-19-22-23,0-1-2-3-4-6-7-20-21-24-25,,,
10.0,,,,,,,,27,26-28,5-8-9-10-11-12-13-14-15-16-17-18-19-22-23,0-1-2-3-4-6-7-20-21-24-25,,,
10.01,,,,,,,,27,26-28,5-8-9-10-11-12-13-14-15-16-17-18-19-22-23,0-1-2-3-4-6-7-20-21-24-25,,,
10.02,,,,,,,,27,26-28,5-8-9-10-11-12-13-14-15-16-17-18-19-22-23,0-1-2-3-4-6-7-20-21-24-25,,,
10.03,,,,,,,,27,26-28,5-8-9-10-11-12-13-14-15-16-17-18-19-22-23,0-1-2-3-4-6-7-20-21-24-25,,,
10.04,,,,,,,,27,26-28,5-8-9-10-11-12-13-14-15-16-17-18-19-22-23,0-1-2-3-4-6-7-20-21-24-25,,,
10.05,,,,,,,,27,26-28,5-8-9-10-11-12-13-14-15-16-17-18-19-22-23,0-1-2-3-4-6-7-20-21-24-25,,,
10.06,,,,,,,,,26-28,5-8-9-10-11-12-13-14-15-16-17-18-19-22-23,0-1-2-3-4-6-7-20-21-24-25,,,
10.07,,,,,,,,,26-28,5-8-9-10-11-12-13-14-15-16-17-18-19-22-23,0-1-2-3-4-6-7-20-21-24-25,,,
10.08,,,,,,,,,26-28,5-8-9-10-11-12-13-14-15-16-17-18-19-22-23,0-1-2-3-4-6-7-20-21-24-25,,,
10.09,,,,,,,,,26-28,5-8-9-10-11-12-13-14-15-16-17-18-19-22-23,0-1-2-3-4-6-7-20-21-24-25,,,
10.1,,,,,,,,,26-28,5-8-9-10-11-12-13-14-15-16-17-18-19-22-23,0-1-2-3-4-6-7-20-21-24-25,,,
10.11,,,,,,,,,26,5-8-9-10-11-12-13-14-15-16-17-18-19-22-23,0-1-2-3-4-6-7-20-21-24-25-28,,,
10.12,,,,,,,,,26,5-8-9-10-11-12-13-14-15-16-17-18-19-22-23,0-1-2-3-4-6-7-20-21-24-25-28,,,
10.13,,,,,,,,,26,5-8-9-10-11-12-13-14-15-16-17-18-19-22-23,0-1-2-3-4-6-7-20-21-24-25-28,,,
10.14,,,,,,,,,26,5-8-9-10-11-12-13-14-15-16-17-18-19-22-23,0-1-2-3-4-6-7-20-21-24-25-28,,,
10.15,,,,,,,,,26,5-8-9-10-11-12-13-14-15-16-17-18-19-22-23,0-1-2-3-4-6-7-20-21-24-25-28,,,
10.16,,,,,,,,,26,5-8-9-10-11-12-13-14-15-16-17-18-19-22-23,0-1-2-3-4-6-7-20-21-24-25-28,,,
10.17,,,,,,,,,26,5-8-9-10-11-12-13-14-15-16-17-18-19-22-23,0-1-2-3-4-6-7-20-21-24-25-28,,,
10.18,,,,,,,,,26,5-8-9-10-11-12-13-14-15-16-17-18-19-22-23,0-1-2-3-4-6-7-20-21-24-25-28,,,
10.19,,,,,,,,,26,5-8-9-10-11-12-13-14-15-16-17-18-19-22-23,0-1-2-3-4-6-7-20-21-24-25-28,,,
10.2,,,,,,,,,26,5-8-9-10-11-12-13-14-15-16-17-18-19-22-23,0-1-2-3-4-6-7-20-21-24-25-28,,,
10.21,,,,,,,,,26,5-8-9-10-11-12-13-14-15-16-17-18-19-22-23,0-1-2-3-4-6-7-20-21-24-25-28,,,
10.22,,,,,,,,,26,5-8-9-10-11-12-13-14-15-16-17-18-19-22-23,0-1-2-3-4-6-7-20-21-24-25-28,,,
10.23,,,,,,,,,26,5-8-9-10-11-12-13-14-15-16-17-18-19-22-23,0-1-2-3-4-6-7-20-21-24-25-28,,,
10.24,,,,,,,,,,5-8-9-10-11-12-13-14-15-16-17-18-19-22-23,0-1-2-3-4-6-7-20-21-24-25-26-28,,,
10.25,,,,,,,,,,5-8-9-10-11-12-13-14-15-16-17-18-19-22-23,0-1-2-3-4-6-7-20-21-24-25-26-28,,,
10.26,,,,,,,,,,5-8-9-10-11-12-13-14-15-16-17-18-19-22-23,0-1-2-3-4-6-7-20-21-24-25-26-28,,,
10.27,,,,,,,,,,5-8-9-10-11-12-13-14-15-16-17-18-19-22-23,0-1-2-3-4-6-7-20-21-24-25-26-28,,,
10.28,,,,,,,,,,5-8-9-10-11-12-13-14-15-16-17-18-19-22-23,0-1-2-3-4-6-7-20-21-24-25-26-28,,,
10.29,,,,,,,29,,,5-8-9-10-11-12-13-14-15-16-17-18-19-22-23,0-1-2-3-4-6-7-20-21-24-25-26-28,,,
10.3,,,,,,,29,,,5-8-9-10-11-12-13-14-15-16-17-18-19-22-23,0-1-2-3-4-6-7-20-21-24-25-26-28,,,
10.31,,,,,,,29,,,5-8-9-10-11-12-13-14-15-16-17-18-19-22-23,0-1-2-3-4-6-7-20-21-24-25-26-28,,,
10.32,,,,,,,29,,,5-8-9-10-11-12-13-14-15-16-17-18-19-22-23,0-1-2-3-4-6-7-20-21-24-25-26-28,,,
10.33,,,,,,,29,,,5-8-9-10-11-12-13-14-15-16-17-18-19-22-23,0-1-2-3-4-6-7-20-21-24-25-26-28,,,
10.34,,,,,,,29,,,5-8-9-10-11-12-13-14-15-16-17-18-19-22-23,0-1-2-3-4-6-7-20-21-24-25-26-28,,,
10.35,,,,,,,29,,,5-8-9-10-11-12-13-14-15-16-17-18-19-22-23,0-1-2-3-4-6-7-20-21-24-25-26-28,,,
10.36,,,,,,,29,,,5-8-9-10-11-12-13-14-15-16-17-18-19-22-23,0-1-2-3-4-6-7-20-21-24-25-26-28,,,
10.37,,,,,,,29,,,5-8-9-10-11-12-13-14-15-16-17-18-19-22-23,0-1-2-3-4-6-7-20-21-24-25-26-28,,,
10.38,,,,,,,29,,,5-8-9-10-11-12-13-14-15-16-17-18-19-22-23,0-1-2-3-4-6-7-20-21-24-25-26-28,,,
10.39,,,,,,,29,,,5-8-9-10-11-12-13-14-15-16-17-18-19-22-23,0-1-2-3-4-6-7-20-21-24-25-26-28,,,
10.4,,,,,,,29,,,5-8-9-10-11-12-13-14-15-16-17-18-19-22-23,0-1-2-3-4-6-7-20-21-24-25-26-28,,,
10.41,,,,,,,29,,,5-8-9-10-11-12-13-14-15-16-17-18-19-22-23,0-1-2-3-4-6-7-20-21-24-25-26-28,,,
10.42,,,,,,,29,,,5-8-9-10-11-12-13-14-15-16-17-18-19-22-23,0-1-2-3-4-6-7-20-21-24-25-26-28,,,
10.43,,,,,,,29,,,5-8-9-10-11-12-13-14-15-16-17-18-19-22-23,0-1-2-3-4-6-7-20-21-24-25-26-28,,,
10.44,,,,,,,29,,,5-8-9-10-11-12-13-14-15-16-17-18-19-22-23,0-1-2-3-4-6-7-20-21-24-25-26-28,,,
10.45,,,,,,,29,,,5-8-9-10-11-12-13-14-15-16-17-18-19-22-23,0-1-2-3-4-6-7-20-21-24-25-26-28,,,
10.46,,,,,,,29,,,5-8-9-10-11-12-13-14-15-16-17-18-19-22-23,0-1-2-3-4-6-7-20-21-24-25-26-28,,,
10.47,,,,,,,29,,,5-8-9-10-11-12-13-14-15-16-17-18-19-22-23,0-1-2-3-4-6-7-20-21-24-25-26-28,,,
10.48,,,,,,,29,,,5-8-9-10-11-12-13-14-15-16-17-18-19-22-23,0-1-2-3-4-6-7-20-21-24-25-26-28,,,
10.49,,,,,,,29,,,5-8-9-10-11-12-13-14-15-16-17-18-19-22-23,0-1-2-3-4-6-7-20-21-24-25-26-28,,,
10.5,,,,,,,29,,,5-8-9-10-11-12-13-14-15-16-17-18-19-22-23,0-1-2-3-4-6-7-20-21-24-25-26-28,,,
10.51,,,,,,,29,,,5-8-9-10-11-12-13-14-15-16-17-18-19-22-23,0-1-2-3-4-6-7-20-21-24-25-26-28,,,
10.52,,,,,,,29,,,5-8-9-10-11-12-13-14-15-16-17-18-19-22-23,0-1-2-3-4-6-7-20-21-24-25-26-28,,,
10.53,,,,,,,29,,,5-8-9-10-11-12-13-14-15-16-17-18-19-22-23,0-1-2-3-4-6-7-20-21-24-25-26-28,,,
10.54,,,,,,,29,,,5-8-9-10-11-12-13-14-15-16-17-18-19-22-23,0-1-2-3-4-6-7-20-21-24-25-26-28,,,
10.55,,,,,,,29,,,5-8-9-10-11-12-13-14-15-16-17-18-19-22-23,0-1-2-3-4-6-7-20-21-24-25-26-28,,,
10.56,,,,,,,29,,,5-8-9-10-11-12-13-14-15-16-17-18-19-22-23,0-1-2-3-4-6-7-20-21-24-25-26-28,,,
10.57,,,,,,,29,,,5-8-9-10-11-12-13-14-15-16-17-18-19-22-23,0-1-2-3-4-6-7-20-21-24-25-26-28,,,
10.58,,,,,,,29,,,5-8-9-10-11-12-13-14-15-16-17-18-19-22-23,0-1-2-3-4-6-7-20-21-24-25-26-28,,,
10.59,,,,,,,29,,,5-8-9-10-11-12-13-14-15-16-17-18-19-22-23,0-1-2-3-4-6-7-20-21-24-25-26-28,,,
10.6,,,,,,,29,,,5-8-9-10-11-12-13-14-15-16-17-18-19-22-23,0-1-2-3-4-6-7-20-21-24-25-26-28,,,
10.61,,,,,,,29,,,5-8-9-10-11-12-13-14-15-16-17-18-19-22-23,0-1-2-3-4-6-7-20-21-24-25-26-28,,,
10.62,,,,,,,29,,,5-8-9-10-11-12-13-14-15-16-17-18-19-22-23,0-1-2-3-4-6-7-20-21-24-25-26-28,,,
10.63,,,,,,,29,,,5-8-9-10-11-12-13-14-15-16-17-18-19-22-23,0-1-2-3-4-6-7-20-21-24-25-26-28,,,
10.64,,,,,,,29,,,5-8-9-10-11-12-13-14-15-16-17-18-19-22-23,0-1-2-3-4-6-7-20-21-24-25-26-28,,,
10.65,,,,,,,29,,,5-8-9-10-11-12-13-14-15-16-17-18-19-22-23,0-1-2-3-4-6-7-20-21-24-25-26-28,,,
10.66,,,,,,,29,,,5-8-9-10-11-12-13-14-15-16-17-18-19-22-23,0-1-2-3-4-6-7-20-21-24-25-26-28,,,
10.67,,,,,,,29,,,5-8-9-10-11-12-13-14-15-16-17-18-19-22-23,0-1-2-3-4-6-7-20-21-24-25-26-28,,,
10.68,,,,,,,29,,,5-8-9-10-11-12-13-14-15-16-17-18-19-22-23,0-1-2-3-4-6-7-20-21-24-25-26-28,,,
10.69,,,,,,,,29,,5-8-9-10-11-12-13-14-15-16-17-18-19-22-23,0-1-2-3-4-6-7-20-21-24-25-26-28,,,
10.7,,,,,,,,29,,5-8-9-10-11-12-13-14-15-16-17-18-19-22-23,0-1-2-3-4-6-7-20-21-24-25-26-28,,,
10.71,,,,,,,,29,,5-8-9-10-11-12-13-14-15-16-17-18-19-22-23,0-1-2-3-4-6-7-20-21-24-25-26-28,,,
10.72,,,,,,,,29,,5-8-9-10-11-12-13-14-15-16-17-18-19-22-23,0-1-2-3-4-6-7-20-21-24-25-26-28,,,
10.73,,,,,,,,29,,5-8-9-10-11-12-13-14-15-16-17-18-19-22-23,0-1-2-3-4-6-7-20-21-24-25-26-28,,,
10.74,,,,,,,,29,,5-8-9-10-11-12-13-14-15-16-17-18-19-22-23,0-1-2-3-4-6-7-20-21-24-25-26-28,,,
10.75,,,,,,,,29,,5-8-9-10-11-12-13-14-15-16-17-18-19-22-23,0-1-2-3-4-6-7-20-21-24-25-26-28,,,
10.76,,,,,,,,29,,5-8-9-10-11-12-13-14-15-16-17-18-19-22-23,0-1-2-3-4-6-7-20-21-24-25-26-28,,,
10.77,,,,,,,,29,,5-8-9-10-11-12-13-14-15-16-17-18-19-22-23,0-1-2-3-4-6-7-20-21-24-25-26-28,,,
10.78,,,,,,,,29,,5-8-9-10-11-12-13-14-15-16-17-18-19-22-23,0-1-2-3-4-6-7-20-21-24-25-26-28,,,
10.79,,,,,,,,29,,5-8-9-10-11-12-13-14-15-16-17-18-19-22-23,0-1-2-3-4-6-7-20-21-24-25-26-28,,,
10.8,,,,,,,,29,,5-8-9-10-11-12-13-14-15-16-17-18-19-22-23,0-1-2-3-4-6-7-20-21-24-25-26-28,,,
10.81,,,,,,,,29,,5-8-9-10-11-12-13-14-15-16-17-18-19-22-23,0-1-2-3-4-6-7-20-21-24-25-26-28,,,
10.82,,,,,,,,29,,5-8-9-10-11-12-13-14-15-16-17-18-19-22-23,0-1-2-3-4-6-7-20-21-24-25-26-28,,,
10.83,,,,,,,,29,,5-8-9-10-11-12-13-14-15-16-17-18-19-22-23,0-1-2-3-4-6-7-20-21-24-25-26-28,,,
10.84,,,,,,,,29,,5-8-9-10-11-12-13-14-15-16-17-18-19-22-23,0-1-2-3-4-6-7-20-21-24-25-26-28,,,
10.85,,,,,,,,29,,5-8-9-10-11-12-13-14-15-16-17-18-19-22-23,0-1-2-3-4-6-7-20-21-24-25-26-28,,,
10.86,,,,,,,,29,,5-8-9-10-11-12-13-14-15-16-17-18-19-22-23,0-1-2-3-4-6-7-20-21-24-25-26-28,,,
10.87,,,,,,,,29,,5-8-9-10-11-12-13-14-15-16-17-18-19-22-23,0-1-2-3-4-6-7-20-21-24-25-26-28,,,
10.88,,,,,,,,29,,5-8-9-10-11-12-13-14-15-16-17-18-19-22-23,0-1-2-3-4-6-7-20-21-24-25-26-28,,,
10.89,,,,,,,,29,,5-8-9-10-11-12-13-14-15-16-17-18-19-22-23,0-1-2-3-4-6-7-20-21-24-25-26-28,,,
10.9,,,,,,,,29,,5-8-9-10-11-12-13-14-15-16-17-18-19-22-23,0-1-2-3-4-6-7-20-21-24-25-26-28,,,
10.91,,,,,,,,29,,5-8-9-10-11-12-13-14-15-16-17-18-19-22-23,0-1-2-3-4-6-7-20-21-24-25-26-28,,,
10.92,,,,,,,,29,,5-8-9-10-11-12-13-14-15-16-17-18-19-22-23,0-1-2-3-4-6-7-20-21-24-25-26-28,,,
10.93,,,,,,,,29,,5-8-9-10-11-12-13-14-15-16-17-18-19-22-23,0-1-2-3-4-6-7-20-21-24-25-26-28,,,
10.94,,,,,,,,29,,5-8-9-10-11-12-13-14-15-16-17-18-19-22-23,0-1-2-3-4-6-7-20-21-24-25-26-28,,,
10.95,,,,,,,,29,,5-8-9-10-11-12-13-14-15-16-17-18-19-22-23,0-1-2-3-4-6-7-20-21-24-25-26-28,,,
10.96,,,,,,,,29,,5-8-9-10-11-12-13-14-15-16-17-18-19-22-23,0-1-2-3-4-6-7-20-21-24-25-26-28,,,
10.97,,,,,,,,29,,5-8-9-10-11-12-13-14-15-16-17-18-19-22-23,0-1-2-3-4-6-7-20-21-24-25-26-28,,,
10.98,,,,,,,,29,,5-8-9-10-11-12-13-14-15-16-17-18-19-22-23,0-1-2-3-4-6-7-20-21-24-25-26-28,,,
10.99,,,,,,,,29,,5-8-9-10-11-12-13-14-15-16-17-18-19-22-23,0-1-2-3-4-6-7-20-21-24-25-26-28,,,
11.0,,,,,,,,29,,5-8-9-10-11-12-13-14-15-16-17-18-19-22-23,0-1-2-3-4-6-7-20-21-24-25-26-28,,,
11.01,,,,,,,,29,,5-8-9-10-11-12-13-14-15-16-17-18-19-22-23,0-1-2-3-4-6-7-20-21-24-25-26-28,,,
11.02,,,,,,,,29,,5-8-9-10-11-12-13-14-15-16-17-18-19-22-23,0-1-2-3-4-6-7-20-21-24-25-26-28,,,
11.03,,,,,,,,29,,5-8-9-10-11-12-13-14-15-16-17-18-19-22-23,0-1-2-3-4-6-7-20-21-24-25-26-28,,,
11.04,,,,,,,,29,,5-8-9-10-11-12-13-14-15-16-17-18-19-22-23,0-1-2-3-4-6-7-20-21-24-25-26-28,,,
11.05,,,,,,,,29,,5-8-9-10-11-12-13-14-15-16-17-18-19-22-23,0-1-2-3-4-6-7-20-21-24-25-26-28,,,
11.06,,,,,,,,29,,5-8-9-10-11-12-13-14-15-16-17-18-19-22-23,0-1-2-3-4-6-7-20-21-24-25-26-28,,,
11.07,,,,,,,,,29,5-8-9-10-11-12-13-14-15-16-17-18-19-22-23,0-1-2-3-4-6-7-20-21-24-25-26-28,,,
11.08,,,,,,,,,29,5-8-9-10-11-12-13-14-15-16-17-18-19-22-23,0-1-2-3-4-6-7-20-21-24-25-26-28,,,
11.09,,,,,,,,,29,5-8-9-10-11-12-13-14-15-16-17-18-19-22-23,0-1-2-3-4-6-7-20-21-24-25-26-28,,,
11.1,,,,,,,,,29,5-8-9-10-11-12-13-14-15-16-17-18-19-22-23,0-1-2-3-4-6-7-20-21-24-25-26-28,,,
11.11,,,,,,,,,29,5-8-9-10-11-12-13-14-15-16-17-18-19-22-23,0-1-2-3-4-6-7-20-21-24-25-26-28,,,
11.12,,,,,,,,,29,5-8-9-10-11-12-13-14-15-16-17-18-19-22-23,0-1-2-3-4-6-7-20-21-24-25-26-28,,,
11.13,,,,,,,,,29,5-8-9-10-11-12-13-14-15-16-17-18-19-22-23,0-1-2-3-4-6-7-20-21-24-25-26-28,,,
11.14,,,,,,,,,29,5-8-9-10-11-12-13-14-15-16-17-18-19-22-23,0-1-2-3-4-6-7-20-21-24-25-26-28,,,
11.15,,,,,,,,,29,5-8-9-10-11-12-13-14-15-16-17-18-19-22-23,0-1-2-3-4-6-7-20-21-24-25-26-28,,,
11.16,,,,,,,,,29,5-8-9-10-11-12-13-14-15-16-17-18-19-22-23,0-1-2-3-4-6-7-20-21-24-25-26-28,,,
11.17,,,,,,,,,29,5-8-9-10-11-12-13-14-15-16-17-18-19-22-23,0-1-2-3-4-6-7-20-21-24-25-26-28,,,
11.18,,,,,,,,,29,5-8-9-10-11-12-13-14-15-16-17-18-19-22-23,0-1-2-3-4-6-7-20-21-24-25-26-28,,,
11.19,,,,,,,,,29,5-8-9-10-11-12-13-14-15-16-17-18-19-22-23,0-1-2-3-4-6-7-20-21-24-25-26-28,,,
11.2,,,,,,,,,29,5-8-9-10-11-12-13-14-15-16-17-18-19-22-23,0-1-2-3-4-6-7-20-21-24-25-26-28,,,
11.21,,,,,,,,,29,5-8-9-10-11-12-13-14-15-16-17-18-19-22-23,0-1-2-3-4-6-7-20-21-24-25-26-28,,,
11.22,,,,,,,,,29,5-8-9-10-11-12-13-14-15-16-17-18-19-22-23,0-1-2-3-4-6-7-20-21-24-25-26-28,,,
11.23,,,,,,,,,29,5-8-9-10-11-12-13-14-15-16-17-18-19-22-23,0-1-2-3-4-6-7-20-21-24-25-26-28,,,
11.24,,,,,,,,,29,5-8-9-10-11-12-13-14-15-16-17-18-19-22-23,0-1-2-3-4-6-7-20-21-24-25-26-28,,,
11.25,,,,,,,,,29,5-8-9-10-11-12-13-14-15-16-17-18-19-22-23,0-1-2-3-4-6-7-20-21-24-25-26-28,,,
11.26,,,,,,,,,29,5-8-9-10-11-12-13-14-15-16-17-18-19-22-23,0-1-2-3-4-6-7-20-21-24-25-26-28,,,
11.27,,,,,,,,,29,5-8-9-10-11-12-13-14-15-16-17-18-19-22-23,0-1-2-3-4-6-7-20-21-24-25-26-28,,,
11.28,,,,,,,,,29,5-8-9-10-11-12-13-14-15-16-17-18-19-22-23,0-1-2-3-4-6-7-20-21-24-25-26-28,,,
11.29,,,,,,,,,29,5-8-9-10-11-12-13-14-15-16-17-18-19-22-23,0-1-2-3-4-6-7-20-21-24-25-26-28,,,
11.3,,,,,,,,,29,5-8-9-10-11-12-13-14-15-16-17-18-19-22-23,0-1-2-3-4-6-7-20-21-24-25-26-28,,,
11.31,,,,,,,,,29,5-8-9-10-11-12-13-14-15-16-17-18-19-22-23,0-1-2-3-4-6-7-20-21-24-25-26-28,,,
11.32,,,,,,,,,27-29,5-8-9-10-11-12-13-14-15-16-17-18-19-22-23,0-1-2-3-4-6-7-20-21-24-25-26-28,,,
11.33,,,,,,,,,27-29,5-8-9-10-11-12-13-14-15-16-17-18-19-22-23,0-1-2-3-4-6-7-20-21-24-25-26-28,,,
11.34,,,,,,,,,27-29,5-8-9-10-11-12-13-14-15-16-17-18-19-22-23,0-1-2-3-4-6-7-20-21-24-25-26-28,,,
11.35,,,,,,,,,27-29,5-8-9-10-11-12-13-14-15-16-17-18-19-22-23,0-1-2-3-4-6-7-20-21-24-25-26-28,,,
11.36,,,,,,,,,27-29,5-8-9-10-11-12-13-14-15-16-17-18-19-22-23,0-1-2-3-4-6-7-20-21-24-25-26-28,,,
11.37,,,,,,,,,27-29,5-8-9-10-11-12-13-14-15-16-17-18-19-22-23,0-1-2-3-4-6-7-20-21-24-25-26-28,,,
11.38,,,,,,,,,27-29,5-8-9-10-11-12-13-14-15-16-17-18-19-22-23,0-1-2-3-4-6-7-20-21-24-25-26-28,,,
11.39,,,,,,,,,27-29,5-8-9-10-11-12-13-14-15-16-17-18-19-22-23,0-1-2-3-4-6-7-20-21-24-25-26-28,,,
11.4,,,,,,,,,27-29,5-8-9-10-11-12-13-14-15-16-17-18-19-22-23,0-1-2-3-4-6-7-20-21-24-25-26-28,,,
11.41,,,,,,,,,27-29,5-8-9-10-11-12-13-14-15-16-17-18-19-22-23,0-1-2-3-4-6-7-20-21-24-25-26-28,,,
11.42,,,,,,,,,27,5-8-9-10-11-12-13-14-15-16-17-18-19-22-23,0-1-2-3-4-6-7-20-21-24-25-26-28-29,,,
11.43,,,,,,,,,27,5-8-9-10-11-12-13-14-15-16-17-18-19-22-23,0-1-2-3-4-6-7-20-21-24-25-26-28-29,,,
11.44,,,,,,,,,27,5-8-9-10-11-12-13-14-15-16-17-18-19-22-23,0-1-2-3-4-6-7-20-21-24-25-26-28-29,,,
11.45,,,,,,,,,27,5-8-9-10-11-12-13-14-15-16-17-18-19-22-23,0-1-2-3-4-6-7-20-21-24-25-26-28-29,,,
11.46,,,,,,,,,27,5-8-9-10-11-12-13-14-15-16-17-18-19-22-23,0-1-2-3-4-6-7-20-21-24-25-26-28-29,,,
11.47,,,,,,,,,27,5-8-9-10-11-12-13-14-15-16-17-18-19-22-23,0-1-2-3-4-6-7-20-21-24-25-26-28-29,,,
11.48,,,,,,,,,27,5-8-9-10-11-12-13-14-15-16-17-18-19-22-23,0-1-2-3-4-6-7-20-21-24-25-26-28-29,,,
11.49,,,,,,,,,27,5-8-9-10-11-12-13-14-15-16-17-18-19-22-23,0-1-2-3-4-6-7-20-21-24-25-26-28-29,,,
11.5,,,,,,,,,27,5-8-9-10-11-12-13-14-15-16-17-18-19-22-23,0-1-2-3-4-6-7-20-21-24-25-26-28-29,,,
11.51,,,,,,,,,27,5-8-9-10-11-12-13-14-15-16-17-18-19-22-23,0-1-2-3-4-6-7-20-21-24-25-26-28-29,,,
11.52,,,,,,,,,27,5-8-9-10-11-12-13-14-15-16-17-18-19-22-23,0-1-2-3-4-6-7-20-21-24-25-26-28-29,,,
11.53,,,,,,,,,27,5-8-9-10-11-12-13-14-15-16-17-18-19-22-23,0-1-2-3-4-6-7-20-21-24-25-26-28-29,,,
11.54,,,,,,,,,27,5-8-9-10-11-12-13-14-15-16-17-18-19-22-23,0-1-2-3-4-6-7-20-21-24-25-26-28-29,,,
11.55,,,,,,,,,27,5-8-9-10-11-12-13-14-15-16-17-18-19-22-23,0-1-2-3-4-6-7-20-21-24-25-26-28-29,,,
11.56,,,,,,,,,27,5-8-9-10-11-12-13-14-15-16-17-18-19-22-23,0-1-2-3-4-6-7-20-21-24-25-26-28-29,,,
11.57,,,,,,,,,27,5-8-9-10-11-12-13-14-15-16-17-18-19-22-23,0-1-2-3-4-6-7-20-21-24-25-26-28-29,,,
11.58,,,,,,,,,27,5-8-9-10-11-12-13-14-15-16-17-18-19-22-23,0-1-2-3-4-6-7-20-21-24-25-26-28-29,,,
11.59,,,,,,,,,27,5-8-9-10-11-12-13-14-15-16-17-18-19-22-23,0-1-2-3-4-6-7-20-21-24-25-26-28-29,,,
11.6,,,,,,,,,27,5-8-9-10-11-12-13-14-15-16-17-18-19-22-23,0-1-2-3-4-6-7-20-21-24-25-26-28-29,,,
11.61,,,,,,,,,27,5-8-9-10-11-12-13-14-15-16-17-18-19-22-23,0-1-2-3-4-6-7-20-21-24-25-26-28-29,,,
11.62,,,,,,,,,27,5-8-9-10-11-12-13-14-15-16-17-18-19-22-23,0-1-2-3-4-6-7-20-21-24-25-26-28-29,,,
11.63,,,,,,,,,27,5-8-9-10-11-12-13-14-15-16-17-18-19-22-23,0-1-2-3-4-6-7-20-21-24-25-26-28-29,,,
11.64,,,,,,,,,27,5-8-9-10-11-12-13-14-15-16-17-18-19-22-23,0-1-2-3-4-6-7-20-21-24-25-26-28-29,,,
11.65,,,,,,,,,27,5-8-9-10-11-12-13-14-15-16-17-18-19-22-23,0-1-2-3-4-6-7-20-21-24-25-26-28-29,,,
11.66,,,,,,,,,27,5-8-9-10-11-12-13-14-15-16-17-18-19-22-23,0-1-2-3-4-6-7-20-21-24-25-26-28-29,,,
11.67,,,,,,,,,,5-8-9-10-11-12-13-14-15-16-17-18-19-22-23,0-1-2-3-4-6-7-20-21-24-25-26-27-28-29,,,
11.68,,,,,,,,,,5-8-9-10-11-12-13-14-15-16-17-18-19-22-23,0-1-2-3-4-6-7-20-21-24-25-26-27-28-29,,,
11.69,,,,,,,,,,5-8-9-10-11-12-13-14-15-16-17-18-19-22-23,0-1-2-3-4-6-7-20-21-24-25-26-27-28-29,,,
11.7,,,,,,,,,,5-8-9-10-11-12-13-14-15-16-17-18-19-22-23,0-1-2-3-4-6-7-20-21-24-25-26-27-28-29,,,
11.71,,,,,,,,,,5-8-9-10-11-12-13-14-15-16-17-18-19-22-23,0-1-2-3-4-6-7-20-21-24-25-26-27-28-29,,,
11.72,,,,,,,,,,5-8-9-10-11-12-13-14-15-16-17-18-19-22-23,0-1-2-3-4-6-7-20-21-24-25-26-27-28-29,,,
11.73,,,,,,,,,,5-8-9-10-11-12-13-14-15-16-17-18-19-22-23,0-1-2-3-4-6-7-20-21-24-25-26-27-28-29,,,
11.74,,,,,,,,,,5-8-9-10-11-12-13-14-15-16-17-18-19-22-23,0-1-2-3-4-6-7-20-21-24-25-26-27-28-29,,,
11.75,,,,,,,,,,5-8-9-10-11-12-13-14-15-16-17-18-19-22-23,0-1-2-3-4-6-7-20-21-24-25-26-27-28-29,,,
11.76,,,,,,,,,,5-8-9-10-11-12-13-14-15-16-17-18-19-22-23,0-1-2-3-4-6-7-20-21-24-25-26-27-28-29,,,
11.77,,,,,,,,,,5-8-9-10-11-12-13-14-15-16-17-18-19-22-23,0-1-2-3-4-6-7-20-21-24-25-26-27-28-29,,,
11.78,,,,,,,,,,5-8-9-10-11-12-13-14-15-16-17-18-19-22-23,0-1-2-3-4-6-7-20-21-24-25-26-27-28-29,,,
11.79,,,,,,,,,,5-8-9-10-11-12-13-14-15-16-17-18-19-22-23,0-1-2-3-4-6-7-20-21-24-25-26-27-28-29,,,
11.8,,,,,,,,,,5-8-9-10-11-12-13-14-15-16-17-18-19-22-23,0-1-2-3-4-6-7-20-21-24-25-26-27-28-29,,,
11.81,,,,,,,,,,5-8-9-10-11-12-13-14-15-16-17-18-19-22-23,0-1-2-3-4-6-7-20-21-24-25-26-27-28-29,,,
11.82,,,,,,,,,,5-8-9-10-11-12-13-14-15-16-17-18-19-22-23,0-1-2-3-4-6-7-20-21-24-25-26-27-28-29,,,
11.83,,,,,,,,,,5-8-9-10-11-12-13-14-15-16-17-18-19-22-23,0-1-2-3-4-6-7-20-21-24-25-26-27-28-29,,,
11.84,,,,,,,,,,5-8-9-10-11-12-13-14-15-16-17-18-19-22-23,0-1-2-3-4-6-7-20-21-24-25-26-27-28-29,,,
11.85,,,,,,,,,,5-8-9-10-11-12-13-14-15-16-17-18-19-22-23,0-1-2-3-4-6-7-20-21-24-25-26-27-28-29,,,
11.86,,,,,,,,,,5-8-9-10-11-12-13-14-15-16-17-18-19-22-23,0-1-2-3-4-6-7-20-21-24-25-26-27-28-29,,,
11.87,,,,,,,,,,5-8-9-10-11-12-13-14-15-16-17-18-19-22-23,0-1-2-3-4-6-7-20-21-24-25-26-27-28-29,,,
11.88,,,,,,,,,,5-8-9-10-11-12-13-14-15-16-17-18-19-22-23,0-1-2-3-4-6-7-20-21-24-25-26-27-28-29,,,
11.89,,,,,,,,,,5-8-9-10-11-12-13-14-15-16-17-18-19-22-23,0-1-2-3-4-6-7-20-21-24-25-26-27-28-29,,,
